"No.","Channel Name","Receive Frequency","Transmit Frequency","Channel Type","Transmit Power","Band Width","CTCSS/DCS Decode","CTCSS/DCS Encode","Contact","Contact Call Type","Radio ID","Busy Lock/TX Permit","Squelch Mode","Optional Signal","DTMF ID","2Tone ID","5Tone ID","PTT ID","Color Code","Slot","Scan List","Receive Group List","TX Prohibit","Reverse","Simplex TDMA","TDMA Adaptive","Encryption Group Id","Digital Encryption","Call Confirmation","Talk Around","Work Alone","Custom CTCSS","2TONE Decode","Ranging","Through Mode","Digi APRS RX","Analog APRS PTT Mode","Digital APRS PTT Mode","APRS Report Type","Digital APRS Report Channel","Correct Frequency[Hz]","SMS Confirmation","Exclude channel from roaming"
"1","SM0RUX/R","434.42500","434.42500","A-Analog","Low","25K","Off","91.5","Regional SM0","Group Call","SM0RUX Pontus","Off","Carrier","Off","1","1","1","Off","1","2","Hagsatra","Default","Off","Off","Off","Off","Normal Encryption","Off","Off","Off","Off","131.8","1","Off","Off","Off","Off","Off","Analog","1","0","Off","off"
"2","openSPOT","433.01250","433.01250","D-Digital","Low","12.5K","Off","Off","SM XIL","Group Call","SM0RUX Pontus","Always","Carrier","Off","1","1","1","Off","1","1","Hagsatra","Default","Off","Off","Off","Off","Normal Encryption","Off","Off","On","Off","251.1","1","Off","Off","Off","Off","On","Digital","1","0","Off","off"
"3","145.225","145.22500","145.22500","A-Analog","Mid","12.5K","Off","Off","Regional SM0","Group Call","SM0RUX Pontus","Off","Carrier","Off","1","1","1","Off","1","2","None","Default","Off","Off","Off","Off","Normal Encryption","Off","Off","Off","Off","251.1","1","Off","Off","Off","Off","Off","Analog","1","0","Off","off"
"4","145.500","145.50000","145.50000","A-Analog","Mid","12.5K","Off","Off","Regional SM0","Group Call","SM0RUX Pontus","Off","Carrier","Off","1","1","1","Off","1","2","None","Default","Off","Off","Off","Off","Normal Encryption","Off","Off","Off","Off","251.1","1","Off","Off","Off","Off","Off","Analog","1","0","Off","off"
"5","433.500","433.50000","433.50000","A-Analog","Mid","12.5K","Off","Off","Regional SM0","Group Call","SM0RUX Pontus","Off","Carrier","Off","1","1","1","Off","1","2","None","Default","Off","Off","Off","Off","Normal Encryption","Off","Off","Off","Off","251.1","1","Off","Off","Off","Off","Off","Analog","1","0","Off","off"
"6","145.375","145.37500","145.37500","D-Digital","Mid","12.5K","Off","Off","Local","Group Call","SM0RUX Pontus","Always","Carrier","Off","1","1","1","Off","1","1","None","Default","Off","Off","Off","Off","Normal Encryption","Off","Off","On","Off","251.1","1","Off","Off","Off","Off","On","Digital","1","0","Off","off"
"7","433.450","433.45000","433.45000","D-Digital","Mid","12.5K","Off","Off","Local","Group Call","SM0RUX Pontus","Always","Carrier","Off","1","1","1","Off","1","1","None","Default","Off","Off","Off","Off","Normal Encryption","Off","Off","On","Off","251.1","1","Off","Off","Off","Off","On","Digital","1","0","Off","off"
"8","Arlanda","434.91250","432.91250","D-Digital","Mid","12.5K","Off","Off","Regional SM0","Group Call","SM0RUX Pontus","Always","Carrier","Off","1","1","1","Off","0","2","SM0","Default","Off","Off","Off","Off","Normal Encryption","Off","Off","Off","Off","251.1","1","Off","Off","Off","Off","On","Digital","1","0","Off","off"
"9","Botkyrka 1","145.62500","145.02500","D-Digital","Mid","12.5K","Off","Off","Regional SM0","Group Call","SM0RUX Pontus","Always","Carrier","Off","1","1","1","Off","0","2","SM0","Default","Off","Off","Off","Off","Normal Encryption","Off","Off","Off","Off","251.1","1","Off","Off","Off","Off","On","Digital","1","0","Off","off"
"10","Botkyrka 2","434.87500","432.87500","D-Digital","Mid","12.5K","Off","Off","Regional SM0","Group Call","SM0RUX Pontus","Always","Carrier","Off","1","1","1","Off","0","2","SM0","Default","Off","Off","Off","Off","Normal Encryption","Off","Off","Off","Off","251.1","1","Off","Off","Off","Off","On","Digital","1","0","Off","off"
"11","Brottby 1","145.65000","145.05000","A-Analog","Mid","12.5K","Off","77.0","Regional SM0","Group Call","SM0RUX Pontus","Off","Carrier","Off","1","1","1","Off","1","2","SM0","Default","Off","Off","Off","Off","Normal Encryption","Off","Off","Off","Off","251.1","1","Off","Off","Off","Off","Off","Analog","1","0","Off","off"
"12","Brottby 2","434.80000","432.80000","A-Analog","Mid","12.5K","Off","77.0","Regional SM0","Group Call","SM0RUX Pontus","Off","Carrier","Off","1","1","1","Off","1","2","SM0","Default","Off","Off","Off","Off","Normal Encryption","Off","Off","Off","Off","251.1","1","Off","Off","Off","Off","Off","Analog","1","0","Off","off"
"13","Dalaro","434.83750","432.83750","D-Digital","Mid","12.5K","Off","Off","Regional SM0","Group Call","SM0RUX Pontus","Always","Carrier","Off","1","1","1","Off","0","2","SM0","Default","Off","Off","Off","Off","Normal Encryption","Off","Off","Off","Off","251.1","1","Off","Off","Off","Off","On","Digital","1","0","Off","off"
"14","Djuro","434.58750","432.58750","D-Digital","Mid","12.5K","Off","Off","Regional SM0","Group Call","SM0RUX Pontus","Always","Carrier","Off","1","1","1","Off","0","2","SM0","Default","Off","Off","Off","Off","Normal Encryption","Off","Off","Off","Off","251.1","1","Off","Off","Off","Off","On","Digital","1","0","Off","off"
"15","Haninge 1","145.68750","145.08750","A-Analog","Mid","12.5K","Off","77.0","Regional SM0","Group Call","SM0RUX Pontus","Off","Carrier","Off","1","1","1","Off","1","2","SM0","Default","Off","Off","Off","Off","Normal Encryption","Off","Off","Off","Off","251.1","1","Off","Off","Off","Off","Off","Analog","1","0","Off","off"
"16","Haninge 2","434.75000","432.75000","A-Analog","Mid","12.5K","Off","77.0","Regional SM0","Group Call","SM0RUX Pontus","Off","Carrier","Off","1","1","1","Off","1","2","SM0","Default","Off","Off","Off","Off","Normal Encryption","Off","Off","Off","Off","251.1","1","Off","Off","Off","Off","Off","Analog","1","0","Off","off"
"17","Haninge 3","434.77500","432.77500","A-Analog","Mid","12.5K","Off","Off","Regional SM0","Group Call","SM0RUX Pontus","Off","Carrier","Off","1","1","1","Off","1","2","SM0","Default","Off","Off","Off","Off","Normal Encryption","Off","Off","Off","Off","251.1","1","Off","Off","Off","Off","Off","Analog","1","0","Off","off"
"18","Kista 1","145.57500","144.97500","D-Digital","Mid","12.5K","Off","Off","Regional SM0","Group Call","SM0RUX Pontus","Always","Carrier","Off","1","1","1","Off","0","2","SM0","Default","Off","Off","Off","Off","Normal Encryption","Off","Off","Off","Off","251.1","1","Off","Off","Off","Off","On","Digital","1","0","Off","off"
"19","Kista 2","145.67500","145.07500","A-Analog","Mid","12.5K","Off","123.0","Regional SM0","Group Call","SM0RUX Pontus","Off","Carrier","Off","1","1","1","Off","1","2","SM0","Default","Off","Off","Off","Off","Normal Encryption","Off","Off","Off","Off","251.1","1","Off","Off","Off","Off","Off","Analog","1","0","Off","off"
"20","Kista 3","434.62500","432.62500","A-Analog","Mid","12.5K","Off","77.0","Regional SM0","Group Call","SM0RUX Pontus","Off","Carrier","Off","1","1","1","Off","1","2","SM0","Default","Off","Off","Off","Off","Normal Encryption","Off","Off","Off","Off","251.1","1","Off","Off","Off","Off","Off","Analog","1","0","Off","off"
"21","Kista 4","434.66250","432.66250","A-Analog","Mid","12.5K","Off","77.0","Regional SM0","Group Call","SM0RUX Pontus","Off","Carrier","Off","1","1","1","Off","1","2","SM0","Default","Off","Off","Off","Off","Normal Encryption","Off","Off","Off","Off","251.1","1","Off","Off","Off","Off","Off","Analog","1","0","Off","off"
"22","Kista 5","434.95000","432.95000","D-Digital","Mid","12.5K","Off","Off","Regional SM0","Group Call","SM0RUX Pontus","Always","Carrier","Off","1","1","1","Off","0","2","SM0","Default","Off","Off","Off","Off","Normal Encryption","Off","Off","Off","Off","251.1","1","Off","Off","Off","Off","On","Digital","1","0","Off","off"
"23","Kista 6","434.98750","432.98750","D-Digital","Mid","12.5K","Off","Off","Regional SM0","Group Call","SM0RUX Pontus","Always","Carrier","Off","1","1","1","Off","0","2","SM0","Default","Off","Off","Off","Off","Normal Encryption","Off","Off","Off","Off","251.1","1","Off","Off","Off","Off","On","Digital","1","0","Off","off"
"24","Morko","434.78750","432.78750","A-Analog","Mid","12.5K","Off","77.0","Regional SM0","Group Call","SM0RUX Pontus","Off","Carrier","Off","1","1","1","Off","1","2","SM0","Default","Off","Off","Off","Off","Normal Encryption","Off","Off","Off","Off","251.1","1","Off","Off","Off","Off","Off","Analog","1","0","Off","off"
"25","Norrtalje 1","145.68750","145.08750","A-Analog","Mid","12.5K","Off","Off","Regional SM0","Group Call","SM0RUX Pontus","Off","Carrier","Off","1","1","1","Off","1","2","SM0","Default","Off","Off","Off","Off","Normal Encryption","Off","Off","Off","Off","251.1","1","Off","Off","Off","Off","Off","Analog","1","0","Off","off"
"26","Norrtalje 2","434.90000","432.90000","A-Analog","Mid","12.5K","Off","Off","Regional SM0","Group Call","SM0RUX Pontus","Off","Carrier","Off","1","1","1","Off","1","2","SM0","Default","Off","Off","Off","Off","Normal Encryption","Off","Off","Off","Off","251.1","1","Off","Off","Off","Off","Off","Analog","1","0","Off","off"
"27","Nynashamn 1","145.71250","145.11250","A-Analog","Mid","12.5K","Off","77.0","Regional SM0","Group Call","SM0RUX Pontus","Off","Carrier","Off","1","1","1","Off","1","2","SM0","Default","Off","Off","Off","Off","Normal Encryption","Off","Off","Off","Off","251.1","1","Off","Off","Off","Off","Off","Analog","1","0","Off","off"
"28","Nynashamn 2","434.61250","432.61250","D-Digital","Mid","12.5K","Off","Off","Regional SM0","Group Call","SM0RUX Pontus","Always","Carrier","Off","1","1","1","Off","0","2","SM0","Default","Off","Off","Off","Off","Normal Encryption","Off","Off","Off","Off","251.1","1","Off","Off","Off","Off","On","Digital","1","0","Off","off"
"29","Rimbo","434.78750","432.78750","D-Digital","Mid","12.5K","Off","Off","Regional SM0","Group Call","SM0RUX Pontus","Always","Carrier","Off","1","1","1","Off","0","2","SM0","Default","Off","Off","Off","Off","Normal Encryption","Off","Off","Off","Off","251.1","1","Off","Off","Off","Off","On","Digital","1","0","Off","off"
"30","Sigtuna","434.88750","432.88750","D+A TX D","Mid","12.5K","Off","77.0","Regional SM0","Group Call","SM0RUX Pontus","Always","Carrier","Off","1","1","1","Off","0","2","SM0","Default","Off","Off","Off","Off","Normal Encryption","Off","Off","Off","Off","251.1","1","Off","Off","Off","Off","On","Digital","1","0","Off","off"
"31","Soder","434.72500","432.72500","A-Analog","Mid","12.5K","Off","77.0","Regional SM0","Group Call","SM0RUX Pontus","Off","Carrier","Off","1","1","1","Off","1","2","SM0","Default","Off","Off","Off","Off","Normal Encryption","Off","Off","Off","Off","251.1","1","Off","Off","Off","Off","Off","Analog","1","0","Off","off"
"32","Soderort","434.68750","432.68750","D+A TX D","Mid","12.5K","Off","77.0","Regional SM0","Group Call","SM0RUX Pontus","Always","Carrier","Off","1","1","1","Off","1","2","SM0","Default","Off","Off","Off","Off","Normal Encryption","Off","Off","Off","Off","251.1","1","Off","Off","Off","Off","On","Digital","1","0","Off","off"
"33","Sodertalje 1","145.70000","145.10000","D-Digital","Mid","12.5K","Off","Off","Regional SM0","Group Call","SM0RUX Pontus","Always","Carrier","Off","1","1","1","Off","1","2","SM0","Default","Off","Off","Off","Off","Normal Encryption","Off","Off","Off","Off","251.1","1","Off","Off","Off","Off","On","Digital","1","0","Off","off"
"34","Sodertalje 2","434.82500","432.82500","A-Analog","Mid","12.5K","Off","77.0","Regional SM0","Group Call","SM0RUX Pontus","Off","Carrier","Off","1","1","1","Off","1","2","SM0","Default","Off","Off","Off","Off","Normal Encryption","Off","Off","Off","Off","251.1","1","Off","Off","Off","Off","Off","Analog","1","0","Off","off"
"35","Sodertorn","434.53750","432.53750","D-Digital","Mid","12.5K","Off","Off","Regional SM0","Group Call","SM0RUX Pontus","Always","Carrier","Off","1","1","1","Off","1","2","SM0","Default","Off","Off","Off","Off","Normal Encryption","Off","Off","Off","Off","251.1","1","Off","Off","Off","Off","On","Digital","1","0","Off","off"
"36","Solna 1","145.76250","145.16250","A-Analog","Mid","12.5K","Off","123.0","Regional SM0","Group Call","SM0RUX Pontus","Off","Carrier","Off","1","1","1","Off","1","2","SM0","Default","Off","Off","Off","Off","Normal Encryption","Off","Off","Off","Off","251.1","1","Off","Off","Off","Off","Off","Analog","1","0","Off","off"
"37","Solna 2","434.85000","432.85000","A-Analog","Mid","12.5K","Off","123.0","Regional SM0","Group Call","SM0RUX Pontus","Off","Carrier","Off","1","1","1","Off","1","2","SM0","Default","Off","Off","Off","Off","Normal Encryption","Off","Off","Off","Off","251.1","1","Off","Off","Off","Off","Off","Analog","1","0","Off","off"
"38","Stockholm 1","145.72500","145.12500","A-Analog","Mid","12.5K","Off","77.0","Regional SM0","Group Call","SM0RUX Pontus","Off","Carrier","Off","1","1","1","Off","1","2","SM0","Default","Off","Off","Off","Off","Normal Encryption","Off","Off","Off","Off","251.1","1","Off","Off","Off","Off","Off","Analog","1","0","Off","off"
"39","Stockholm 2","434.96250","432.96250","D-Digital","Mid","12.5K","Off","Off","Regional SM0","Group Call","SM0RUX Pontus","Always","Carrier","Off","1","1","1","Off","0","2","SM0","Default","Off","Off","Off","Off","Normal Encryption","Off","Off","Off","Off","251.1","1","Off","Off","Off","Off","On","Digital","1","0","Off","off"
"40","Stockholm Norr","145.78750","145.18750","A-Analog","Mid","12.5K","Off","77.0","Regional SM0","Group Call","SM0RUX Pontus","Off","Carrier","Off","1","1","1","Off","1","2","SM0","Default","Off","Off","Off","Off","Normal Encryption","Off","Off","Off","Off","251.1","1","Off","Off","Off","Off","Off","Analog","1","0","Off","off"
"41","Taby 1","434.70000","436.30000","A-Analog","Mid","12.5K","Off","Off","Regional SM0","Group Call","SM0RUX Pontus","Off","Carrier","Off","1","1","1","Off","1","2","Taby","Default","Off","Off","Off","Off","Normal Encryption","Off","Off","Off","Off","251.1","1","Off","Off","Off","Off","Off","Analog","1","0","Off","off"
"42","Taby 2","434.73750","432.73750","A-Analog","Mid","12.5K","Off","77.0","Regional SM0","Group Call","SM0RUX Pontus","Off","Carrier","Off","1","1","1","Off","1","2","Taby","Default","Off","Off","Off","Off","Normal Encryption","Off","Off","Off","Off","251.1","1","Off","Off","Off","Off","Off","Analog","1","0","Off","off"
"43","Tullinge","145.66250","145.06250","A-Analog","Mid","12.5K","Off","77.0","Regional SM0","Group Call","SM0RUX Pontus","Off","Carrier","Off","1","1","1","Off","1","2","SM0","Default","Off","Off","Off","Off","Normal Encryption","Off","Off","Off","Off","251.1","1","Off","Off","Off","Off","Off","Analog","1","0","Off","off"
"44","Tyreso","434.51250","432.51250","D-Digital","Mid","12.5K","Off","Off","Regional SM0","Group Call","SM0RUX Pontus","Always","Carrier","Off","1","1","1","Off","12","2","SM0","Default","Off","Off","Off","Off","Normal Encryption","Off","Off","Off","Off","251.1","1","Off","Off","Off","Off","On","Digital","1","0","Off","off"
"45","Upplands Vasby 1","434.67500","432.67500","A-Analog","Mid","12.5K","Off","77.0","Regional SM0","Group Call","SM0RUX Pontus","Off","Carrier","Off","1","1","1","Off","1","2","SM0","Default","Off","Off","Off","Off","Normal Encryption","Off","Off","Off","Off","251.1","1","Off","Off","Off","Off","Off","Analog","1","0","Off","off"
"46","Upplands Vasby 2","434.76250","432.76250","D-Digital","Mid","12.5K","Off","Off","Regional SM0","Group Call","SM0RUX Pontus","Always","Carrier","Off","1","1","1","Off","0","2","SM0","Default","Off","Off","Off","Off","Normal Encryption","Off","Off","Off","Off","251.1","1","Off","Off","Off","Off","On","Digital","1","0","Off","off"
"47","Vallentuna","434.86250","432.86250","A-Analog","Mid","12.5K","Off","77.0","Regional SM0","Group Call","SM0RUX Pontus","Off","Carrier","Off","1","1","1","Off","1","2","SM0","Default","Off","Off","Off","Off","Normal Encryption","Off","Off","Off","Off","251.1","1","Off","Off","Off","Off","Off","Analog","1","0","Off","off"
"48","Varmdo","434.97500","432.97500","D-Digital","Mid","12.5K","Off","Off","Regional SM0","Group Call","SM0RUX Pontus","Always","Carrier","Off","1","1","1","Off","1","2","SM0","Default","Off","Off","Off","Off","Normal Encryption","Off","Off","Off","Off","251.1","1","Off","Off","Off","Off","On","Digital","1","0","Off","off"
"49","Vastberga 1","145.60000","145.00000","A-Analog","Mid","12.5K","Off","Off","Regional SM0","Group Call","SM0RUX Pontus","Off","Carrier","Off","1","1","1","Off","1","2","SM0","Default","Off","Off","Off","Off","Normal Encryption","Off","Off","Off","Off","251.1","1","Off","Off","Off","Off","Off","Analog","1","0","Off","off"
"50","Vastberga 2","434.90000","432.90000","A-Analog","Mid","12.5K","Off","Off","Regional SM0","Group Call","SM0RUX Pontus","Off","Carrier","Off","1","1","1","Off","1","2","SM0","Default","Off","Off","Off","Off","Normal Encryption","Off","Off","Off","Off","251.1","1","Off","Off","Off","Off","Off","Analog","1","0","Off","off"
"51","Slite","434.60000","432.60000","A-Analog","Mid","12.5K","Off","218.1","Regional SM0","Group Call","SM0RUX Pontus","Off","Carrier","Off","1","1","1","Off","1","2","SM1","Default","Off","Off","Off","Off","Normal Encryption","Off","Off","Off","Off","251.1","1","Off","Off","Off","Off","Off","Analog","1","0","Off","off"
"52","Alvsbyn","145.67500","145.07500","A-Analog","Mid","12.5K","Off","107.2","Regional SM0","Group Call","SM0RUX Pontus","Off","Carrier","Off","1","1","1","Off","1","2","SM2","Default","Off","Off","Off","Off","Normal Encryption","Off","Off","Off","Off","251.1","1","Off","Off","Off","Off","Off","Analog","1","0","Off","off"
"53","Arjeplog","145.70000","145.10000","A-Analog","Mid","12.5K","Off","Off","Regional SM0","Group Call","SM0RUX Pontus","Off","Carrier","Off","1","1","1","Off","1","2","SM2","Default","Off","Off","Off","Off","Normal Encryption","Off","Off","Off","Off","251.1","1","Off","Off","Off","Off","Off","Analog","1","0","Off","off"
"54","Jorn","145.75000","145.15000","A-Analog","Mid","12.5K","Off","Off","Regional SM0","Group Call","SM0RUX Pontus","Off","Carrier","Off","1","1","1","Off","1","2","SM2","Default","Off","Off","Off","Off","Normal Encryption","Off","Off","Off","Off","251.1","1","Off","Off","Off","Off","Off","Analog","1","0","Off","off"
"55","Kalix 1","145.72500","145.12500","D+A TX D","Mid","12.5K","Off","107.2","Regional SM0","Group Call","SM0RUX Pontus","Always","Carrier","Off","1","1","1","Off","2","2","SM2","Default","Off","Off","Off","Off","Normal Encryption","Off","Off","Off","Off","251.1","1","Off","Off","Off","Off","On","Digital","1","0","Off","off"
"56","Kalix 2","434.75000","432.75000","D-Digital","Mid","12.5K","Off","Off","Regional SM0","Group Call","SM0RUX Pontus","Always","Carrier","Off","1","1","1","Off","2","2","SM2","Default","Off","Off","Off","Off","Normal Encryption","Off","Off","Off","Off","251.1","1","Off","Off","Off","Off","On","Digital","1","0","Off","off"
"57","Kalix 3","434.72500","432.72500","D+A TX D","Mid","12.5K","Off","107.2","Regional SM0","Group Call","SM0RUX Pontus","Always","Carrier","Off","1","1","1","Off","2","2","SM2","Default","Off","Off","Off","Off","Normal Encryption","Off","Off","Off","Off","251.1","1","Off","Off","Off","Off","On","Digital","1","0","Off","off"
"58","Kiruna 1","145.62500","145.02500","A-Analog","Mid","12.5K","Off","107.2","Regional SM0","Group Call","SM0RUX Pontus","Off","Carrier","Off","1","1","1","Off","1","2","SM2","Default","Off","Off","Off","Off","Normal Encryption","Off","Off","Off","Off","251.1","1","Off","Off","Off","Off","Off","Analog","1","0","Off","off"
"59","Kiruna 2","434.51250","432.51250","D-Digital","Mid","12.5K","Off","Off","Regional SM0","Group Call","SM0RUX Pontus","Always","Carrier","Off","1","1","1","Off","2","2","SM2","Default","Off","Off","Off","Off","Normal Encryption","Off","Off","Off","Off","251.1","1","Off","Off","Off","Off","Off","Analog","1","0","Off","off"
"60","Kiruna 3","434.82500","432.82500","A-Analog","Mid","12.5K","Off","Off","Regional SM0","Group Call","SM0RUX Pontus","Off","Carrier","Off","1","1","1","Off","1","2","SM2","Default","Off","Off","Off","Off","Normal Encryption","Off","Off","Off","Off","251.1","1","Off","Off","Off","Off","Off","Analog","1","0","Off","off"
"61","Kristineberg","145.67500","145.07500","A-Analog","Mid","12.5K","Off","Off","Regional SM0","Group Call","SM0RUX Pontus","Off","Carrier","Off","1","1","1","Off","1","2","SM2","Default","Off","Off","Off","Off","Normal Encryption","Off","Off","Off","Off","251.1","1","Off","Off","Off","Off","Off","Analog","1","0","Off","off"
"62","Lulea 1","145.65000","145.05000","A-Analog","Mid","12.5K","Off","107.2","Regional SM0","Group Call","SM0RUX Pontus","Off","Carrier","Off","1","1","1","Off","1","2","SM2","Default","Off","Off","Off","Off","Normal Encryption","Off","Off","Off","Off","251.1","1","Off","Off","Off","Off","Off","Analog","1","0","Off","off"
"63","Lulea 2","434.90000","432.90000","D-Digital","Mid","12.5K","Off","Off","Regional SM0","Group Call","SM0RUX Pontus","Always","Carrier","Off","1","1","1","Off","2","2","SM2","Default","Off","Off","Off","Off","Normal Encryption","Off","Off","Off","Off","251.1","1","Off","Off","Off","Off","On","Digital","1","0","Off","off"
"64","Lycksele 1","145.77500","145.17500","A-Analog","Mid","12.5K","Off","107.2","Regional SM0","Group Call","SM0RUX Pontus","Off","Carrier","Off","1","1","1","Off","1","2","SM2","Default","Off","Off","Off","Off","Normal Encryption","Off","Off","Off","Off","251.1","1","Off","Off","Off","Off","Off","Analog","1","0","Off","off"
"65","Lycksele 2","434.77500","433.17500","A-Analog","Mid","12.5K","Off","Off","Regional SM0","Group Call","SM0RUX Pontus","Off","Carrier","Off","1","1","1","Off","1","2","SM2","Default","Off","Off","Off","Off","Normal Encryption","Off","Off","Off","Off","251.1","1","Off","Off","Off","Off","Off","Analog","1","0","Off","off"
"66","Nordmaling","434.67500","432.67500","A-Analog","Mid","12.5K","Off","67.0","Regional SM0","Group Call","SM0RUX Pontus","Off","Carrier","Off","1","1","1","Off","1","2","SM2","Default","Off","Off","Off","Off","Normal Encryption","Off","Off","Off","Off","251.1","1","Off","Off","Off","Off","Off","Analog","1","0","Off","off"
"67","Pitea 1","145.60000","145.00000","A-Analog","Mid","12.5K","Off","107.2","Regional SM0","Group Call","SM0RUX Pontus","Off","Carrier","Off","1","1","1","Off","1","2","SM2","Default","Off","Off","Off","Off","Normal Encryption","Off","Off","Off","Off","251.1","1","Off","Off","Off","Off","Off","Analog","1","0","Off","off"
"68","Pitea 2","434.60000","432.60000","A-Analog","Mid","12.5K","Off","107.2","Regional SM0","Group Call","SM0RUX Pontus","Off","Carrier","Off","1","1","1","Off","1","2","SM2","Default","Off","Off","Off","Off","Normal Encryption","Off","Off","Off","Off","251.1","1","Off","Off","Off","Off","Off","Analog","1","0","Off","off"
"69","Seskaro","145.67500","145.07500","D+A TX D","Mid","12.5K","Off","107.2","Regional SM0","Group Call","SM0RUX Pontus","Always","Carrier","Off","1","1","1","Off","2","2","SM2","Default","Off","Off","Off","Off","Normal Encryption","Off","Off","Off","Off","251.1","1","Off","Off","Off","Off","On","Digital","1","0","Off","off"
"70","Skelleftea","145.70000","145.10000","A-Analog","Mid","12.5K","Off","Off","Regional SM0","Group Call","SM0RUX Pontus","Off","Carrier","Off","1","1","1","Off","1","2","SM2","Default","Off","Off","Off","Off","Normal Encryption","Off","Off","Off","Off","251.1","1","Off","Off","Off","Off","Off","Analog","1","0","Off","off"
"71","Sorsele","145.60000","145.00000","A-Analog","Mid","12.5K","Off","Off","Regional SM0","Group Call","SM0RUX Pontus","Off","Carrier","Off","1","1","1","Off","1","2","SM2","Default","Off","Off","Off","Off","Normal Encryption","Off","Off","Off","Off","251.1","1","Off","Off","Off","Off","Off","Analog","1","0","Off","off"
"72","Storuman 1","145.72500","145.12500","A-Analog","Mid","12.5K","Off","Off","Regional SM0","Group Call","SM0RUX Pontus","Off","Carrier","Off","1","1","1","Off","1","2","SM2","Default","Off","Off","Off","Off","Normal Encryption","Off","Off","Off","Off","251.1","1","Off","Off","Off","Off","Off","Analog","1","0","Off","off"
"73","Storuman 2","434.75000","433.15000","A-Analog","Mid","12.5K","Off","Off","Regional SM0","Group Call","SM0RUX Pontus","Off","Carrier","Off","1","1","1","Off","1","2","SM2","Default","Off","Off","Off","Off","Normal Encryption","Off","Off","Off","Off","251.1","1","Off","Off","Off","Off","Off","Analog","1","0","Off","off"
"74","Tarnaby","145.62500","145.02500","A-Analog","Mid","12.5K","Off","Off","Regional SM0","Group Call","SM0RUX Pontus","Off","Carrier","Off","1","1","1","Off","1","2","SM2","Default","Off","Off","Off","Off","Normal Encryption","Off","Off","Off","Off","251.1","1","Off","Off","Off","Off","Off","Analog","1","0","Off","off"
"75","Umea 1","434.97500","432.97500","D-Digital","Mid","12.5K","Off","Off","Regional SM0","Group Call","SM0RUX Pontus","Always","Carrier","Off","1","1","1","Off","2","2","SM2","Default","Off","Off","Off","Off","Normal Encryption","Off","Off","Off","Off","251.1","1","Off","Off","Off","Off","On","Digital","1","0","Off","off"
"76","Umea 2","145.65000","145.05000","A-Analog","Mid","12.5K","Off","Off","Regional SM0","Group Call","SM0RUX Pontus","Off","Carrier","Off","1","1","1","Off","1","2","SM2","Default","Off","Off","Off","Off","Normal Encryption","Off","Off","Off","Off","251.1","1","Off","Off","Off","Off","Off","Analog","1","0","Off","off"
"77","Vindeln","145.62500","145.02500","A-Analog","Mid","12.5K","Off","Off","Regional SM0","Group Call","SM0RUX Pontus","Off","Carrier","Off","1","1","1","Off","1","2","SM2","Default","Off","Off","Off","Off","Normal Encryption","Off","Off","Off","Off","251.1","1","Off","Off","Off","Off","Off","Analog","1","0","Off","off"
"78","Vannas 1","145.72500","145.12500","A-Analog","Mid","12.5K","Off","Off","Regional SM0","Group Call","SM0RUX Pontus","Off","Carrier","Off","1","1","1","Off","1","2","SM2","Default","Off","Off","Off","Off","Normal Encryption","Off","Off","Off","Off","251.1","1","Off","Off","Off","Off","Off","Analog","1","0","Off","off"
"79","Vannas 2","434.72500","432.72500","A-Analog","Mid","12.5K","Off","Off","Regional SM0","Group Call","SM0RUX Pontus","Off","Carrier","Off","1","1","1","Off","1","2","SM2","Default","Off","Off","Off","Off","Normal Encryption","Off","Off","Off","Off","251.1","1","Off","Off","Off","Off","Off","Analog","1","0","Off","off"
"80","Bollnas 1","434.55000","432.55000","D-Digital","Mid","12.5K","Off","Off","Regional SM0","Group Call","SM0RUX Pontus","Always","Carrier","Off","1","1","1","Off","3","2","SM3","Default","Off","Off","Off","Off","Normal Encryption","Off","Off","Off","Off","251.1","1","Off","Off","Off","Off","On","Digital","1","0","Off","off"
"81","Bollnas 2","145.58750","144.98750","D-Digital","Mid","12.5K","Off","Off","Regional SM0","Group Call","SM0RUX Pontus","Always","Carrier","Off","1","1","1","Off","3","2","SM3","Default","Off","Off","Off","Off","Normal Encryption","Off","Off","Off","Off","251.1","1","Off","Off","Off","Off","On","Digital","1","0","Off","off"
"82","Bollnas 3","145.65000","145.05000","A-Analog","Mid","12.5K","Off","127.3","Regional SM0","Group Call","SM0RUX Pontus","Off","Carrier","Off","1","1","1","Off","1","2","SM3","Default","Off","Off","Off","Off","Normal Encryption","Off","Off","Off","Off","251.1","1","Off","Off","Off","Off","Off","Analog","1","0","Off","off"
"83","Borgsjo","145.70000","145.10000","A-Analog","Mid","12.5K","Off","Off","Regional SM0","Group Call","SM0RUX Pontus","Off","Carrier","Off","1","1","1","Off","1","2","SM3","Default","Off","Off","Off","Off","Normal Encryption","Off","Off","Off","Off","251.1","1","Off","Off","Off","Off","Off","Analog","1","0","Off","off"
"84","Forsa 1","434.67500","432.67500","A-Analog","Mid","12.5K","Off","127.3","Regional SM0","Group Call","SM0RUX Pontus","Off","Carrier","Off","1","1","1","Off","1","2","SM3","Default","Off","Off","Off","Off","Normal Encryption","Off","Off","Off","Off","251.1","1","Off","Off","Off","Off","Off","Analog","1","0","Off","off"
"85","Forsa 2","145.67500","145.07500","A-Analog","Mid","12.5K","Off","127.3","Regional SM0","Group Call","SM0RUX Pontus","Off","Carrier","Off","1","1","1","Off","1","2","SM3","Default","Off","Off","Off","Off","Normal Encryption","Off","Off","Off","Off","251.1","1","Off","Off","Off","Off","Off","Analog","1","0","Off","off"
"86","Follinge","434.52500","432.52500","D-Digital","Mid","12.5K","Off","Off","Regional SM0","Group Call","SM0RUX Pontus","Always","Carrier","Off","1","1","1","Off","3","2","SM3","Default","Off","Off","Off","Off","Normal Encryption","Off","Off","Off","Off","251.1","1","Off","Off","Off","Off","On","Digital","1","0","Off","off"
"87","Gavle 1","434.87500","432.87500","A-Analog","Mid","12.5K","Off","127.3","Regional SM0","Group Call","SM0RUX Pontus","Off","Carrier","Off","1","1","1","Off","1","2","SM3","Default","Off","Off","Off","Off","Normal Encryption","Off","Off","Off","Off","251.1","1","Off","Off","Off","Off","Off","Analog","1","0","Off","off"
"88","Gavle 2","434.57500","432.57500","D-Digital","Mid","12.5K","Off","Off","Regional SM0","Group Call","SM0RUX Pontus","Always","Carrier","Off","1","1","1","Off","3","2","SM3","Default","Off","Off","Off","Off","Normal Encryption","Off","Off","Off","Off","251.1","1","Off","Off","Off","Off","On","Digital","1","0","Off","off"
"89","Gavle 3","434.73750","432.73750","D-Digital","Mid","12.5K","Off","Off","Regional SM0","Group Call","SM0RUX Pontus","Always","Carrier","Off","1","1","1","Off","3","2","SM3","Default","Off","Off","Off","Off","Normal Encryption","Off","Off","Off","Off","251.1","1","Off","Off","Off","Off","On","Digital","1","0","Off","off"
"90","Hoting","145.60000","145.00000","A-Analog","Mid","12.5K","Off","Off","Regional SM0","Group Call","SM0RUX Pontus","Off","Carrier","Off","1","1","1","Off","1","2","SM3","Default","Off","Off","Off","Off","Normal Encryption","Off","Off","Off","Off","251.1","1","Off","Off","Off","Off","Off","Analog","1","0","Off","off"
"91","Hudiksvall 1","145.77500","145.17500","A-Analog","Mid","12.5K","Off","127.3","Regional SM0","Group Call","SM0RUX Pontus","Off","Carrier","Off","1","1","1","Off","1","2","SM3","Default","Off","Off","Off","Off","Normal Encryption","Off","Off","Off","Off","251.1","1","Off","Off","Off","Off","Off","Analog","1","0","Off","off"
"92","Hudiksvall 2","145.71250","145.11250","D-Digital","Mid","12.5K","Off","Off","Regional SM0","Group Call","SM0RUX Pontus","Always","Carrier","Off","1","1","1","Off","3","2","SM3","Default","Off","Off","Off","Off","Normal Encryption","Off","Off","Off","Off","251.1","1","Off","Off","Off","Off","On","Digital","1","0","Off","off"
"93","Hudiksvall 3","434.57500","432.57500","D-Digital","Mid","12.5K","Off","Off","Regional SM0","Group Call","SM0RUX Pontus","Always","Carrier","Off","1","1","1","Off","3","2","SM3","Default","Off","Off","Off","Off","Normal Encryption","Off","Off","Off","Off","251.1","1","Off","Off","Off","Off","On","Digital","1","0","Off","off"
"94","Harnosand","434.72500","432.72500","A-Analog","Mid","12.5K","Off","Off","Regional SM0","Group Call","SM0RUX Pontus","Off","Carrier","Off","1","1","1","Off","1","2","SM3","Default","Off","Off","Off","Off","Normal Encryption","Off","Off","Off","Off","251.1","1","Off","Off","Off","Off","Off","Analog","1","0","Off","off"
"95","Kramfors","434.60000","432.60000","A-Analog","Mid","12.5K","Off","Off","Regional SM0","Group Call","SM0RUX Pontus","Off","Carrier","Off","1","1","1","Off","1","2","SM3","Default","Off","Off","Off","Off","Normal Encryption","Off","Off","Off","Off","251.1","1","Off","Off","Off","Off","Off","Analog","1","0","Off","off"
"96","Ljusdal","434.90000","433.30000","A-Analog","Mid","12.5K","Off","Off","Regional SM0","Group Call","SM0RUX Pontus","Off","Carrier","Off","1","1","1","Off","1","2","SM3","Default","Off","Off","Off","Off","Normal Encryption","Off","Off","Off","Off","251.1","1","Off","Off","Off","Off","Off","Analog","1","0","Off","off"
"97","Nordingra 1","145.62500","145.02500","A-Analog","Mid","12.5K","Off","Off","Regional SM0","Group Call","SM0RUX Pontus","Off","Carrier","Off","1","1","1","Off","1","2","SM3","Default","Off","Off","Off","Off","Normal Encryption","Off","Off","Off","Off","251.1","1","Off","Off","Off","Off","Off","Analog","1","0","Off","off"
"98","Nordingra 2","434.85000","432.85000","A-Analog","Mid","12.5K","Off","Off","Regional SM0","Group Call","SM0RUX Pontus","Off","Carrier","Off","1","1","1","Off","1","2","SM3","Default","Off","Off","Off","Off","Normal Encryption","Off","Off","Off","Off","251.1","1","Off","Off","Off","Off","Off","Analog","1","0","Off","off"
"99","Nyland 1","145.75000","145.15000","A-Analog","Mid","12.5K","Off","Off","Regional SM0","Group Call","SM0RUX Pontus","Off","Carrier","Off","1","1","1","Off","1","2","SM3","Default","Off","Off","Off","Off","Normal Encryption","Off","Off","Off","Off","251.1","1","Off","Off","Off","Off","Off","Analog","1","0","Off","off"
"100","Nyland 2","434.95000","433.35000","A-Analog","Mid","12.5K","Off","Off","Regional SM0","Group Call","SM0RUX Pontus","Off","Carrier","Off","1","1","1","Off","1","2","SM3","Default","Off","Off","Off","Off","Normal Encryption","Off","Off","Off","Off","251.1","1","Off","Off","Off","Off","Off","Analog","1","0","Off","off"
"101","Sandviken 1","434.70000","432.70000","A-Analog","Mid","12.5K","Off","127.3","Regional SM0","Group Call","SM0RUX Pontus","Off","Carrier","Off","1","1","1","Off","1","2","SM3","Default","Off","Off","Off","Off","Normal Encryption","Off","Off","Off","Off","251.1","1","Off","Off","Off","Off","Off","Analog","1","0","Off","off"
"102","Sandviken 2","434.82500","432.82500","A-Analog","Mid","12.5K","Off","127.3","Regional SM0","Group Call","SM0RUX Pontus","Off","Carrier","Off","1","1","1","Off","1","2","SM3","Default","Off","Off","Off","Off","Normal Encryption","Off","Off","Off","Off","251.1","1","Off","Off","Off","Off","Off","Analog","1","0","Off","off"
"103","Solleftea 1","434.65000","433.05000","A-Analog","Mid","12.5K","Off","Off","Regional SM0","Group Call","SM0RUX Pontus","Off","Carrier","Off","1","1","1","Off","1","2","SM3","Default","Off","Off","Off","Off","Normal Encryption","Off","Off","Off","Off","251.1","1","Off","Off","Off","Off","Off","Analog","1","0","Off","off"
"104","Solleftea 2","145.65000","145.05000","A-Analog","Mid","12.5K","Off","Off","Regional SM0","Group Call","SM0RUX Pontus","Off","Carrier","Off","1","1","1","Off","1","2","SM3","Default","Off","Off","Off","Off","Normal Encryption","Off","Off","Off","Off","251.1","1","Off","Off","Off","Off","Off","Analog","1","0","Off","off"
"105","Sundsvall 1","145.72500","145.12500","A-Analog","Mid","12.5K","Off","Off","Regional SM0","Group Call","SM0RUX Pontus","Off","Carrier","Off","1","1","1","Off","1","2","SM3","Default","Off","Off","Off","Off","Normal Encryption","Off","Off","Off","Off","251.1","1","Off","Off","Off","Off","Off","Analog","1","0","Off","off"
"106","Sundsvall 2","434.53750","432.53750","D-Digital","Mid","12.5K","Off","Off","Regional SM0","Group Call","SM0RUX Pontus","Always","Carrier","Off","1","1","1","Off","3","2","SM3","Default","Off","Off","Off","Off","Normal Encryption","Off","Off","Off","Off","251.1","1","Off","Off","Off","Off","On","Digital","1","0","Off","off"
"107","Sundsvall 3","434.80000","432.80000","D-Digital","Mid","12.5K","Off","Off","Regional SM0","Group Call","SM0RUX Pontus","Always","Carrier","Off","1","1","1","Off","1","2","SM3","Default","Off","Off","Off","Off","Normal Encryption","Off","Off","Off","Off","251.1","1","Off","Off","Off","Off","On","Digital","1","0","Off","off"
"108","Soderhamn 1","145.75000","145.15000","A-Analog","Mid","12.5K","Off","Off","Regional SM0","Group Call","SM0RUX Pontus","Off","Carrier","Off","1","1","1","Off","1","2","SM3","Default","Off","Off","Off","Off","Normal Encryption","Off","Off","Off","Off","251.1","1","Off","Off","Off","Off","Off","Analog","1","0","Off","off"
"109","Soderhamn 2","434.75000","433.15000","A-Analog","Mid","12.5K","Off","Off","Regional SM0","Group Call","SM0RUX Pontus","Off","Carrier","Off","1","1","1","Off","1","2","SM3","Default","Off","Off","Off","Off","Normal Encryption","Off","Off","Off","Off","251.1","1","Off","Off","Off","Off","Off","Analog","1","0","Off","off"
"110","Soderhamn 3","434.52500","432.52500","D-Digital","Mid","12.5K","Off","Off","Regional SM0","Group Call","SM0RUX Pontus","Always","Carrier","Off","1","1","1","Off","3","2","SM3","Default","Off","Off","Off","Off","Normal Encryption","Off","Off","Off","Off","251.1","1","Off","Off","Off","Off","On","Digital","1","0","Off","off"
"111","Soderhamn 4","145.57500","144.97500","D-Digital","Mid","12.5K","Off","Off","Regional SM0","Group Call","SM0RUX Pontus","Always","Carrier","Off","1","1","1","Off","3","2","SM3","Default","Off","Off","Off","Off","Normal Encryption","Off","Off","Off","Off","251.1","1","Off","Off","Off","Off","On","Digital","1","0","Off","off"
"112","Utanede","145.61250","145.01250","A-Analog","Mid","12.5K","Off","Off","Regional SM0","Group Call","SM0RUX Pontus","Off","Carrier","Off","1","1","1","Off","1","2","SM3","Default","Off","Off","Off","Off","Normal Encryption","Off","Off","Off","Off","251.1","1","Off","Off","Off","Off","Off","Analog","1","0","Off","off"
"113","Vemdalen","145.62500","145.02500","A-Analog","Mid","12.5K","Off","74.4","Regional SM0","Group Call","SM0RUX Pontus","Off","Carrier","Off","1","1","1","Off","1","2","SM3","Default","Off","Off","Off","Off","Normal Encryption","Off","Off","Off","Off","251.1","1","Off","Off","Off","Off","Off","Analog","1","0","Off","off"
"114","Are","145.72500","145.12500","A-Analog","Mid","12.5K","Off","127.3","Regional SM0","Group Call","SM0RUX Pontus","Off","Carrier","Off","1","1","1","Off","1","2","SM3","Default","Off","Off","Off","Off","Normal Encryption","Off","Off","Off","Off","251.1","1","Off","Off","Off","Off","Off","Analog","1","0","Off","off"
"115","Arsunda","434.65000","436.25000","A-Analog","Mid","12.5K","Off","88.5","Regional SM0","Group Call","SM0RUX Pontus","Off","Carrier","Off","1","1","1","Off","1","2","SM3","Default","Off","Off","Off","Off","Normal Encryption","Off","Off","Off","Off","251.1","1","Off","Off","Off","Off","Off","Analog","1","0","Off","off"
"116","Ornskoldsvik 1","434.77500","432.77500","A-Analog","Mid","12.5K","Off","Off","Regional SM0","Group Call","SM0RUX Pontus","Off","Carrier","Off","1","1","1","Off","1","2","SM3","Default","Off","Off","Off","Off","Normal Encryption","Off","Off","Off","Off","251.1","1","Off","Off","Off","Off","Off","Analog","1","0","Off","off"
"117","Ornskoldsvik 2","434.87500","432.87500","A-Analog","Mid","12.5K","Off","Off","Regional SM0","Group Call","SM0RUX Pontus","Off","Carrier","Off","1","1","1","Off","1","2","SM3","Default","Off","Off","Off","Off","Normal Encryption","Off","Off","Off","Off","251.1","1","Off","Off","Off","Off","Off","Analog","1","0","Off","off"
"118","Ornskoldsvik 3","145.77500","145.17500","A-Analog","Mid","12.5K","Off","Off","Regional SM0","Group Call","SM0RUX Pontus","Off","Carrier","Off","1","1","1","Off","1","2","SM3","Default","Off","Off","Off","Off","Normal Encryption","Off","Off","Off","Off","251.1","1","Off","Off","Off","Off","Off","Analog","1","0","Off","off"
"119","Ostersund","434.75000","423.75000","A-Analog","Mid","12.5K","Off","127.3","Regional SM0","Group Call","SM0RUX Pontus","Off","Carrier","Off","1","1","1","Off","1","2","SM3","Default","Off","Off","Off","Off","Normal Encryption","Off","Off","Off","Off","251.1","1","Off","Off","Off","Off","Off","Analog","1","0","Off","off"
"120","Arvika","434.77500","432.77500","A-Analog","Mid","12.5K","Off","74.4","Regional SM0","Group Call","SM0RUX Pontus","Off","Carrier","Off","1","1","1","Off","1","2","SM4","Default","Off","Off","Off","Off","Normal Encryption","Off","Off","Off","Off","251.1","1","Off","Off","Off","Off","Off","Analog","1","0","Off","off"
"121","Borlange","434.80000","432.80000","D-Digital","Mid","12.5K","Off","Off","Regional SM0","Group Call","SM0RUX Pontus","Always","Carrier","Off","1","1","1","Off","12","2","SM4","Default","Off","Off","Off","Off","Normal Encryption","Off","Off","Off","Off","251.1","1","Off","Off","Off","Off","On","Digital","1","0","Off","off"
"122","Falun","145.62500","145.25000","A-Analog","Mid","12.5K","Off","85.4","Regional SM0","Group Call","SM0RUX Pontus","Off","Carrier","Off","1","1","1","Off","1","2","SM4","Default","Off","Off","Off","Off","Normal Encryption","Off","Off","Off","Off","251.1","1","Off","Off","Off","Off","On","Digital","1","0","Off","off"
"123","Filipstad","145.70000","145.10000","A-Analog","Mid","12.5K","Off","Off","Regional SM0","Group Call","SM0RUX Pontus","Off","Carrier","Off","1","1","1","Off","1","2","SM4","Default","Off","Off","Off","Off","Normal Encryption","Off","Off","Off","Off","251.1","1","Off","Off","Off","Off","Off","Analog","1","0","Off","off"
"124","Garphyttan","145.65000","145.05000","A-Analog","Mid","12.5K","Off","74.4","Regional SM0","Group Call","SM0RUX Pontus","Off","Carrier","Off","1","1","1","Off","1","2","SM4","Default","Off","Off","Off","Off","Normal Encryption","Off","Off","Off","Off","251.1","1","Off","Off","Off","Off","Off","Analog","1","0","Off","off"
"125","Grums","434.72500","432.72500","A-Analog","Mid","12.5K","Off","74.4","Regional SM0","Group Call","SM0RUX Pontus","Off","Carrier","Off","1","1","1","Off","1","2","SM4","Default","Off","Off","Off","Off","Normal Encryption","Off","Off","Off","Off","251.1","1","Off","Off","Off","Off","Off","Analog","1","0","Off","off"
"126","Hagfors","145.67500","145.07500","A-Analog","Mid","12.5K","Off","114.8","Regional SM0","Group Call","SM0RUX Pontus","Off","Carrier","Off","1","1","1","Off","1","2","SM4","Default","Off","Off","Off","Off","Normal Encryption","Off","Off","Off","Off","251.1","1","Off","Off","Off","Off","Off","Analog","1","0","Off","off"
"127","Karlstad","434.85000","432.85000","D-Digital","Mid","12.5K","Off","Off","Regional SM0","Group Call","SM0RUX Pontus","Always","Carrier","Off","1","1","1","Off","1","2","SM4","Default","Off","Off","Off","Off","Normal Encryption","Off","Off","Off","Off","251.1","1","Off","Off","Off","Off","On","Digital","1","0","Off","off"
"128","Kopparberg","145.60000","145.00000","A-Analog","Mid","12.5K","Off","Off","Regional SM0","Group Call","SM0RUX Pontus","Off","Carrier","Off","1","1","1","Off","1","2","SM4","Default","Off","Off","Off","Off","Normal Encryption","Off","Off","Off","Off","251.1","1","Off","Off","Off","Off","Off","Analog","1","0","Off","off"
"129","Leksand","145.77500","145.17500","A-Analog","Mid","12.5K","Off","85.4","Regional SM0","Group Call","SM0RUX Pontus","Off","Carrier","Off","1","1","1","Off","1","2","SM4","Default","Off","Off","Off","Off","Normal Encryption","Off","Off","Off","Off","251.1","1","Off","Off","Off","Off","Off","Analog","1","0","Off","off"
"130","Lindesberg","145.68750","145.08750","A-Analog","Mid","12.5K","Off","74.4","Regional SM0","Group Call","SM0RUX Pontus","Off","Carrier","Off","1","1","1","Off","1","2","SM4","Default","Off","Off","Off","Off","Normal Encryption","Off","Off","Off","Off","251.1","1","Off","Off","Off","Off","Off","Analog","1","0","Off","off"
"131","Ludvika 1","145.72500","145.12500","A-Analog","Mid","12.5K","Off","Off","Regional SM0","Group Call","SM0RUX Pontus","Off","Carrier","Off","1","1","1","Off","1","2","SM4","Default","Off","Off","Off","Off","Normal Encryption","Off","Off","Off","Off","251.1","1","Off","Off","Off","Off","Off","Analog","1","0","Off","off"
"132","Ludvika 2","434.72500","433.12500","A-Analog","Mid","12.5K","Off","Off","Regional SM0","Group Call","SM0RUX Pontus","Off","Carrier","Off","1","1","1","Off","1","2","SM4","Default","Off","Off","Off","Off","Normal Encryption","Off","Off","Off","Off","251.1","1","Off","Off","Off","Off","Off","Analog","1","0","Off","off"
"133","Mora 1","434.67500","432.67500","A-Analog","Mid","12.5K","Off","71.9","Regional SM0","Group Call","SM0RUX Pontus","Off","Carrier","Off","1","1","1","Off","1","2","SM4","Default","Off","Off","Off","Off","Normal Encryption","Off","Off","Off","Off","251.1","1","Off","Off","Off","Off","Off","Analog","1","0","Off","off"
"134","Mora 2","434.85000","432.85000","A-Analog","Mid","12.5K","Off","Off","Regional SM0","Group Call","SM0RUX Pontus","Off","Carrier","Off","1","1","1","Off","1","2","SM4","Default","Off","Off","Off","Off","Normal Encryption","Off","Off","Off","Off","251.1","1","Off","Off","Off","Off","Off","Analog","1","0","Off","off"
"135","Mora 3","145.70000","145.10000","A-Analog","Mid","12.5K","Off","118.8","Regional SM0","Group Call","SM0RUX Pontus","Off","Carrier","Off","1","1","1","Off","1","2","SM4","Default","Off","Off","Off","Off","Normal Encryption","Off","Off","Off","Off","251.1","1","Off","Off","Off","Off","Off","Analog","1","0","Off","off"
"136","Orsa 1","434.75000","433.15000","A-Analog","Mid","12.5K","Off","Off","Regional SM0","Group Call","SM0RUX Pontus","Off","Carrier","Off","1","1","1","Off","1","2","SM4","Default","Off","Off","Off","Off","Normal Encryption","Off","Off","Off","Off","251.1","1","Off","Off","Off","Off","Off","Analog","1","0","Off","off"
"137","Orsa 2","145.75000","145.15000","A-Analog","Mid","12.5K","Off","Off","Regional SM0","Group Call","SM0RUX Pontus","Off","Carrier","Off","1","1","1","Off","1","2","SM4","Default","Off","Off","Off","Off","Normal Encryption","Off","Off","Off","Off","251.1","1","Off","Off","Off","Off","Off","Analog","1","0","Off","off"
"138","Sunne 1","145.62500","145.02500","D-Digital","Mid","12.5K","Off","Off","Regional SM0","Group Call","SM0RUX Pontus","Always","Carrier","Off","1","1","1","Off","4","2","SM4","Default","Off","Off","Off","Off","Normal Encryption","Off","Off","Off","Off","251.1","1","Off","Off","Off","Off","On","Digital","1","0","Off","off"
"139","Sunne 2","145.77500","145.17500","A-Analog","Mid","12.5K","Off","74.4","Regional SM0","Group Call","SM0RUX Pontus","Off","Carrier","Off","1","1","1","Off","1","2","SM4","Default","Off","Off","Off","Off","Normal Encryption","Off","Off","Off","Off","251.1","1","Off","Off","Off","Off","Off","Analog","1","0","Off","off"
"140","Torsby","434.62500","432.62500","A-Analog","Mid","12.5K","Off","Off","Regional SM0","Group Call","SM0RUX Pontus","Off","Carrier","Off","1","1","1","Off","1","2","SM4","Default","Off","Off","Off","Off","Normal Encryption","Off","Off","Off","Off","251.1","1","Off","Off","Off","Off","Off","Analog","1","0","Off","off"
"141","Vansbro 1","145.65000","145.05000","A-Analog","Mid","12.5K","Off","Off","Regional SM0","Group Call","SM0RUX Pontus","Off","Carrier","Off","1","1","1","Off","1","2","SM4","Default","Off","Off","Off","Off","Normal Encryption","Off","Off","Off","Off","251.1","1","Off","Off","Off","Off","Off","Analog","1","0","Off","off"
"142","Vansbro 2","434.65000","433.05000","A-Analog","Mid","12.5K","Off","Off","Regional SM0","Group Call","SM0RUX Pontus","Off","Carrier","Off","1","1","1","Off","1","2","SM4","Default","Off","Off","Off","Off","Normal Encryption","Off","Off","Off","Off","251.1","1","Off","Off","Off","Off","Off","Analog","1","0","Off","off"
"143","Vansbro 3","434.66250","432.66250","D-Digital","Mid","12.5K","Off","Off","Regional SM0","Group Call","SM0RUX Pontus","Always","Carrier","Off","1","1","1","Off","4","2","SM4","Default","Off","Off","Off","Off","Normal Encryption","Off","Off","Off","Off","251.1","1","Off","Off","Off","Off","On","Digital","1","0","Off","off"
"144","Arjang","145.72500","145.12500","A-Analog","Mid","12.5K","Off","Off","Regional SM0","Group Call","SM0RUX Pontus","Off","Carrier","Off","1","1","1","Off","1","2","SM4","Default","Off","Off","Off","Off","Normal Encryption","Off","Off","Off","Off","251.1","1","Off","Off","Off","Off","Off","Analog","1","0","Off","off"
"145","Orebro","145.71250","145.11250","A-Analog","Mid","12.5K","Off","Off","Regional SM0","Group Call","SM0RUX Pontus","Off","Carrier","Off","1","1","1","Off","1","2","SM4","Default","Off","Off","Off","Off","Normal Encryption","Off","Off","Off","Off","251.1","1","Off","Off","Off","Off","Off","Analog","1","0","Off","off"
"146","Arboga 1","434.87500","432.87500","A-Analog","Mid","12.5K","Off","Off","Regional SM0","Group Call","SM0RUX Pontus","Off","Carrier","Off","1","1","1","Off","1","2","SM5","Default","Off","Off","Off","Off","Normal Encryption","Off","Off","Off","Off","251.1","1","Off","Off","Off","Off","Off","Analog","1","0","Off","off"
"147","Arboga 2","145.67500","145.07500","A-Analog","Mid","12.5K","Off","Off","Regional SM0","Group Call","SM0RUX Pontus","Off","Carrier","Off","1","1","1","Off","1","2","SM5","Default","Off","Off","Off","Off","Normal Encryption","Off","Off","Off","Off","251.1","1","Off","Off","Off","Off","Off","Analog","1","0","Off","off"
"148","Eskilstuna 1","434.97500","432.97500","A-Analog","Mid","12.5K","Off","82.5","Regional SM0","Group Call","SM0RUX Pontus","Off","Carrier","Off","1","1","1","Off","1","2","SM5","Default","Off","Off","Off","Off","Normal Encryption","Off","Off","Off","Off","251.1","1","Off","Off","Off","Off","Off","Analog","1","0","Off","off"
"149","Eskilstuna 2","434.85000","432.85000","A-Analog","Mid","12.5K","Off","82.5","Regional SM0","Group Call","SM0RUX Pontus","Off","Carrier","Off","1","1","1","Off","1","2","SM5","Default","Off","Off","Off","Off","Normal Encryption","Off","Off","Off","Off","251.1","1","Off","Off","Off","Off","Off","Analog","1","0","Off","off"
"150","Eskilstuna 3","145.61250","145.01250","A-Analog","Mid","12.5K","Off","82.5","Regional SM0","Group Call","SM0RUX Pontus","Off","Carrier","Off","1","1","1","Off","1","2","SM5","Default","Off","Off","Off","Off","Normal Encryption","Off","Off","Off","Off","251.1","1","Off","Off","Off","Off","Off","Analog","1","0","Off","off"
"151","Finspang","434.92500","432.92500","A-Analog","Mid","12.5K","Off","107.2","Regional SM0","Group Call","SM0RUX Pontus","Off","Carrier","Off","1","1","1","Off","1","2","SM5","Default","Off","Off","Off","Off","Normal Encryption","Off","Off","Off","Off","251.1","1","Off","Off","Off","Off","Off","Analog","1","0","Off","off"
"152","Flen 1","145.63750","145.03750","A-Analog","Mid","12.5K","Off","82.5","Regional SM0","Group Call","SM0RUX Pontus","Off","Carrier","Off","1","1","1","Off","1","2","SM5","Default","Off","Off","Off","Off","Normal Encryption","Off","Off","Off","Off","251.1","1","Off","Off","Off","Off","Off","Analog","1","0","Off","off"
"153","Flen 2","434.75000","432.75000","A-Analog","Mid","12.5K","Off","91.5","Regional SM0","Group Call","SM0RUX Pontus","Off","Carrier","Off","1","1","1","Off","1","2","SM5","Default","Off","Off","Off","Off","Normal Encryption","Off","Off","Off","Off","251.1","1","Off","Off","Off","Off","Off","Analog","1","0","Off","off"
"154","Katrineholm","145.78750","145.18750","A-Analog","Mid","12.5K","Off","Off","Regional SM0","Group Call","SM0RUX Pontus","Off","Carrier","Off","1","1","1","Off","1","2","SM5","Default","Off","Off","Off","Off","Normal Encryption","Off","Off","Off","Off","251.1","1","Off","Off","Off","Off","Off","Analog","1","0","Off","off"
"155","Kisa","145.70000","145.10000","A-Analog","Mid","12.5K","Off","Off","Regional SM0","Group Call","SM0RUX Pontus","Off","Carrier","Off","1","1","1","Off","1","2","SM5","Default","Off","Off","Off","Off","Normal Encryption","Off","Off","Off","Off","251.1","1","Off","Off","Off","Off","Off","Analog","1","0","Off","off"
"156","Knivsta","434.52500","432.52500","D+A TX D","Mid","12.5K","Off","82.5","Regional SM0","Group Call","SM0RUX Pontus","Always","Carrier","Off","1","1","1","Off","5","2","SM5","Default","Off","Off","Off","Off","Normal Encryption","Off","Off","Off","Off","251.1","1","Off","Off","Off","Off","On","Digital","1","0","Off","off"
"157","Linkoping 1","145.72500","145.12500","A-Analog","Mid","12.5K","Off","Off","Regional SM0","Group Call","SM0RUX Pontus","Off","Carrier","Off","1","1","1","Off","1","2","SM5","Default","Off","Off","Off","Off","Normal Encryption","Off","Off","Off","Off","251.1","1","Off","Off","Off","Off","Off","Analog","1","0","Off","off"
"158","Linkoping 2","434.90000","432.80000","A-Analog","Mid","12.5K","Off","Off","Regional SM0","Group Call","SM0RUX Pontus","Off","Carrier","Off","1","1","1","Off","1","2","SM5","Default","Off","Off","Off","Off","Normal Encryption","Off","Off","Off","Off","251.1","1","Off","Off","Off","Off","Off","Analog","1","0","Off","off"
"159","Linkoping 3","145.73750","145.12750","A-Analog","Mid","12.5K","Off","Off","Regional SM0","Group Call","SM0RUX Pontus","Off","Carrier","Off","1","1","1","Off","1","2","SM5","Default","Off","Off","Off","Off","Normal Encryption","Off","Off","Off","Off","251.1","1","Off","Off","Off","Off","Off","Analog","1","0","Off","off"
"160","Linkoping 4","434.51250","432.51250","D-Digital","Mid","12.5K","Off","Off","Regional SM0","Group Call","SM0RUX Pontus","Always","Carrier","Off","1","1","1","Off","5","2","SM5","Default","Off","Off","Off","Off","Normal Encryption","Off","Off","Off","Off","251.1","1","Off","Off","Off","Off","On","Digital","1","0","Off","off"
"161","Linkoping 5","145.66250","145.06250","D-Digital","Mid","12.5K","Off","Off","Regional SM0","Group Call","SM0RUX Pontus","Always","Carrier","Off","1","1","1","Off","5","2","SM5","Default","Off","Off","Off","Off","Normal Encryption","Off","Off","Off","Off","251.1","1","Off","Off","Off","Off","On","Digital","1","0","Off","off"
"162","Linkoping 6","434.87500","432.87500","D+A TX D","Mid","12.5K","Off","82.5","Regional SM0","Group Call","SM0RUX Pontus","Always","Carrier","Off","1","1","1","Off","5","2","SM5","Default","Off","Off","Off","Off","Normal Encryption","Off","Off","Off","Off","251.1","1","Off","Off","Off","Off","On","Digital","1","0","Off","off"
"163","Linkoping 7","434.82500","432.82500","A-Analog","Mid","12.5K","Off","82.5","Regional SM0","Group Call","SM0RUX Pontus","Off","Carrier","Off","1","1","1","Off","1","2","SM5","Default","Off","Off","Off","Off","Normal Encryption","Off","Off","Off","Off","251.1","1","Off","Off","Off","Off","Off","Analog","1","0","Off","off"
"164","Ljungsbro","145.62500","145.02500","A-Analog","Mid","12.5K","Off","82.5","Regional SM0","Group Call","SM0RUX Pontus","Off","Carrier","Off","1","1","1","Off","1","2","SM5","Default","Off","Off","Off","Off","Normal Encryption","Off","Off","Off","Off","251.1","1","Off","Off","Off","Off","Off","Analog","1","0","Off","off"
"165","Norrkoping 1","434.95000","432.95000","D+A TX D","Mid","12.5K","Off","82.5","Regional SM0","Group Call","SM0RUX Pontus","Always","Carrier","Off","1","1","1","Off","1","2","SM5","Default","Off","Off","Off","Off","Normal Encryption","Off","Off","Off","Off","251.1","1","Off","Off","Off","Off","On","Digital","1","0","Off","off"
"166","Norrkoping 2","145.60000","145.00000","A-Analog","Mid","12.5K","Off","Off","Regional SM0","Group Call","SM0RUX Pontus","Off","Carrier","Off","1","1","1","Off","1","2","SM5","Default","Off","Off","Off","Off","Normal Encryption","Off","Off","Off","Off","251.1","1","Off","Off","Off","Off","Off","Analog","1","0","Off","off"
"167","Norrkoping 3","434.60000","432.60000","A-Analog","Mid","12.5K","Off","Off","Regional SM0","Group Call","SM0RUX Pontus","Off","Carrier","Off","1","1","1","Off","1","2","SM5","Default","Off","Off","Off","Off","Normal Encryption","Off","Off","Off","Off","251.1","1","Off","Off","Off","Off","Off","Analog","1","0","Off","off"
"168","Sala","145.71250","145.11250","A-Analog","Mid","12.5K","Off","82.5","Regional SM0","Group Call","SM0RUX Pontus","Off","Carrier","Off","1","1","1","Off","1","2","SM5","Default","Off","Off","Off","Off","Normal Encryption","Off","Off","Off","Off","251.1","1","Off","Off","Off","Off","Off","Analog","1","0","Off","off"
"169","Trosa","434.88750","432.88750","A-Analog","Mid","12.5K","Off","82.5","Regional SM0","Group Call","SM0RUX Pontus","Off","Carrier","Off","1","1","1","Off","1","2","SM5","Default","Off","Off","Off","Off","Normal Encryption","Off","Off","Off","Off","251.1","1","Off","Off","Off","Off","Off","Analog","1","0","Off","off"
"170","Uppsala 1","145.75000","145.15000","A-Analog","Mid","12.5K","Off","82.5","Regional SM0","Group Call","SM0RUX Pontus","Off","Carrier","Off","1","1","1","Off","1","2","SM5","Default","Off","Off","Off","Off","Normal Encryption","Off","Off","Off","Off","251.1","1","Off","Off","Off","Off","Off","Analog","1","0","Off","off"
"171","Uppsala 2","434.75000","432.75000","A-Analog","Mid","12.5K","Off","82.5","Regional SM0","Group Call","SM0RUX Pontus","Off","Carrier","Off","1","1","1","Off","1","2","SM5","Default","Off","Off","Off","Off","Normal Encryption","Off","Off","Off","Off","251.1","1","Off","Off","Off","Off","Off","Analog","1","0","Off","off"
"172","Uppsala 3","434.51250","432.51250","D-Digital","Mid","12.5K","Off","Off","Regional SM0","Group Call","SM0RUX Pontus","Always","Carrier","Off","1","1","1","Off","1","2","SM5","Default","Off","Off","Off","Off","Normal Encryption","Off","Off","Off","Off","251.1","1","Off","Off","Off","Off","On","Digital","1","0","Off","off"
"173","Vingaker","434.67500","432.67500","A-Analog","Mid","12.5K","Off","Off","Regional SM0","Group Call","SM0RUX Pontus","Off","Carrier","Off","1","1","1","Off","1","2","SM5","Default","Off","Off","Off","Off","Normal Encryption","Off","Off","Off","Off","251.1","1","Off","Off","Off","Off","Off","Analog","1","0","Off","off"
"174","Vasteras 1","145.77500","145.17500","A-Analog","Mid","12.5K","Off","82.5","Regional SM0","Group Call","SM0RUX Pontus","Off","Carrier","Off","1","1","1","Off","1","2","SM5","Default","Off","Off","Off","Off","Normal Encryption","Off","Off","Off","Off","251.1","1","Off","Off","Off","Off","Off","Analog","1","0","Off","off"
"175","Vasteras 2","434.77500","432.77500","A-Analog","Mid","12.5K","Off","82.5","Regional SM0","Group Call","SM0RUX Pontus","Off","Carrier","Off","1","1","1","Off","1","2","SM5","Default","Off","Off","Off","Off","Normal Encryption","Off","Off","Off","Off","251.1","1","Off","Off","Off","Off","Off","Analog","1","0","Off","off"
"176","Alingsas 1","145.62500","145.02500","A-Analog","Mid","12.5K","Off","114.8","Regional SM0","Group Call","SM0RUX Pontus","Off","Carrier","Off","1","1","1","Off","1","2","SM6","Default","Off","Off","Off","Off","Normal Encryption","Off","Off","Off","Off","251.1","1","Off","Off","Off","Off","Off","Analog","1","0","Off","off"
"177","Alingsas 2","434.53750","432.53750","D-Digital","Mid","12.5K","Off","Off","Regional SM0","Group Call","SM0RUX Pontus","Always","Carrier","Off","1","1","1","Off","6","2","SM6","Default","Off","Off","Off","Off","Normal Encryption","Off","Off","Off","Off","251.1","1","Off","Off","Off","Off","On","Digital","1","0","Off","off"
"178","Alingsas 3","434.62500","432.62500","A-Analog","Mid","12.5K","Off","114.8","Regional SM0","Group Call","SM0RUX Pontus","Off","Carrier","Off","1","1","1","Off","1","2","SM6","Default","Off","Off","Off","Off","Normal Encryption","Off","Off","Off","Off","251.1","1","Off","Off","Off","Off","Off","Analog","1","0","Off","off"
"179","Angered 1","434.81250","432.81250","D-Digital","Mid","12.5K","Off","Off","Regional SM0","Group Call","SM0RUX Pontus","Always","Carrier","Off","1","1","1","Off","6","2","SM6","Default","Off","Off","Off","Off","Normal Encryption","Off","Off","Off","Off","251.1","1","Off","Off","Off","Off","On","Digital","1","0","Off","off"
"180","Angered 2","434.92500","432.92500","A-Analog","Mid","12.5K","Off","Off","Regional SM0","Group Call","SM0RUX Pontus","Off","Carrier","Off","1","1","1","Off","1","2","SM6","Default","Off","Off","Off","Off","Normal Encryption","Off","Off","Off","Off","251.1","1","Off","Off","Off","Off","Off","Analog","1","0","Off","off"
"181","Boras 1","434.55000","432.55000","D-Digital","Mid","12.5K","Off","Off","Regional SM0","Group Call","SM0RUX Pontus","Always","Carrier","Off","1","1","1","Off","6","2","SM6","Default","Off","Off","Off","Off","Normal Encryption","Off","Off","Off","Off","251.1","1","Off","Off","Off","Off","On","Digital","1","0","Off","off"
"182","Boras 2","145.77500","145.17500","A-Analog","Mid","12.5K","Off","114.8","Regional SM0","Group Call","SM0RUX Pontus","Off","Carrier","Off","1","1","1","Off","1","2","SM6","Default","Off","Off","Off","Off","Normal Encryption","Off","Off","Off","Off","251.1","1","Off","Off","Off","Off","Off","Analog","1","0","Off","off"
"183","Falkenberg","145.62500","145.02500","A-Analog","Mid","12.5K","Off","114.8","Regional SM0","Group Call","SM0RUX Pontus","Off","Carrier","Off","1","1","1","Off","1","2","SM6","Default","Off","Off","Off","Off","Normal Encryption","Off","Off","Off","Off","251.1","1","Off","Off","Off","Off","Off","Analog","1","0","Off","off"
"184","Floda","434.82500","432.82500","D+A TX D","Mid","12.5K","Off","118.8","Regional SM0","Group Call","SM0RUX Pontus","Always","Carrier","Off","1","1","1","Off","6","2","SM6","Default","Off","Off","Off","Off","Normal Encryption","Off","Off","Off","Off","251.1","1","Off","Off","Off","Off","On","Digital","1","0","Off","off"
"185","Goteborg 1","434.78750","432.78750","D-Digital","Mid","12.5K","Off","Off","Regional SM0","Group Call","SM0RUX Pontus","Always","Carrier","Off","1","1","1","Off","6","2","SM6","Default","Off","Off","Off","Off","Normal Encryption","Off","Off","Off","Off","251.1","1","Off","Off","Off","Off","On","Digital","1","0","Off","off"
"186","Goteborg 2","434.97500","432.97500","A-Analog","Mid","12.5K","Off","114.8","Regional SM0","Group Call","SM0RUX Pontus","Off","Carrier","Off","1","1","1","Off","1","2","SM6","Default","Off","Off","Off","Off","Normal Encryption","Off","Off","Off","Off","251.1","1","Off","Off","Off","Off","Off","Analog","1","0","Off","off"
"187","Goteborg 3","145.65000","145.05000","A-Analog","Mid","12.5K","Off","114.8","Regional SM0","Group Call","SM0RUX Pontus","Off","Carrier","Off","1","1","1","Off","1","2","SM6","Default","Off","Off","Off","Off","Normal Encryption","Off","Off","Off","Off","251.1","1","Off","Off","Off","Off","Off","Analog","1","0","Off","off"
"188","Goteborg 4","434.60000","432.60000","A-Analog","Mid","12.5K","Off","114.8","Regional SM0","Group Call","SM0RUX Pontus","Off","Carrier","Off","1","1","1","Off","1","2","SM6","Default","Off","Off","Off","Off","Normal Encryption","Off","Off","Off","Off","251.1","1","Off","Off","Off","Off","Off","Analog","1","0","Off","off"
"189","Halmstad 1","434.75000","432.75000","A-Analog","Mid","12.5K","Off","114.8","Regional SM0","Group Call","SM0RUX Pontus","Off","Carrier","Off","1","1","1","Off","1","2","SM6","Default","Off","Off","Off","Off","Normal Encryption","Off","Off","Off","Off","251.1","1","Off","Off","Off","Off","Off","Analog","1","0","Off","off"
"190","Halmstad 2","145.67500","145.07500","A-Analog","Mid","12.5K","Off","114.8","Regional SM0","Group Call","SM0RUX Pontus","Off","Carrier","Off","1","1","1","Off","1","2","SM6","Default","Off","Off","Off","Off","Normal Encryption","Off","Off","Off","Off","251.1","1","Off","Off","Off","Off","Off","Analog","1","0","Off","off"
"191","Kinnekulle 1","434.95000","432.95000","A-Analog","Mid","12.5K","Off","Off","Regional SM0","Group Call","SM0RUX Pontus","Off","Carrier","Off","1","1","1","Off","1","2","SM6","Default","Off","Off","Off","Off","Normal Encryption","Off","Off","Off","Off","251.1","1","Off","Off","Off","Off","Off","Analog","1","0","Off","off"
"192","Kinnekulle 2","145.60000","145.00000","A-Analog","Mid","12.5K","Off","114.8","Regional SM0","Group Call","SM0RUX Pontus","Off","Carrier","Off","1","1","1","Off","1","2","SM6","Default","Off","Off","Off","Off","Normal Encryption","Off","Off","Off","Off","251.1","1","Off","Off","Off","Off","Off","Analog","1","0","Off","off"
"193","Kortedala","145.58750","144.98750","D-Digital","Mid","12.5K","Off","Off","Regional SM0","Group Call","SM0RUX Pontus","Always","Carrier","Off","1","1","1","Off","6","2","SM6","Default","Off","Off","Off","Off","Normal Encryption","Off","Off","Off","Off","251.1","1","Off","Off","Off","Off","On","Digital","1","0","Off","off"
"194","Kungsbacka 1","434.72500","432.72500","D-Digital","Mid","12.5K","Off","Off","Regional SM0","Group Call","SM0RUX Pontus","Always","Carrier","Off","1","1","1","Off","6","2","SM6","Default","Off","Off","Off","Off","Normal Encryption","Off","Off","Off","Off","251.1","1","Off","Off","Off","Off","On","Digital","1","0","Off","off"
"195","Kungsbacka 2","145.72500","145.12500","A-Analog","Mid","12.5K","Off","114.8","Regional SM0","Group Call","SM0RUX Pontus","Off","Carrier","Off","1","1","1","Off","1","2","SM6","Default","Off","Off","Off","Off","Normal Encryption","Off","Off","Off","Off","251.1","1","Off","Off","Off","Off","Off","Analog","1","0","Off","off"
"196","Kungshamn","145.57500","144.97500","D-Digital","Mid","12.5K","Off","Off","Regional SM0","Group Call","SM0RUX Pontus","Always","Carrier","Off","1","1","1","Off","6","2","SM6","Default","Off","Off","Off","Off","Normal Encryption","Off","Off","Off","Off","251.1","1","Off","Off","Off","Off","On","Digital","1","0","Off","off"
"197","Kungalv 1","145.61250","145.01250","A-Analog","Mid","12.5K","Off","114.8","Regional SM0","Group Call","SM0RUX Pontus","Off","Carrier","Off","1","1","1","Off","1","2","SM6","Default","Off","Off","Off","Off","Normal Encryption","Off","Off","Off","Off","251.1","1","Off","Off","Off","Off","Off","Analog","1","0","Off","off"
"198","Kungalv 2","434.90000","432.90000","A-Analog","Mid","12.5K","Off","114.8","Regional SM0","Group Call","SM0RUX Pontus","Off","Carrier","Off","1","1","1","Off","1","2","SM6","Default","Off","Off","Off","Off","Normal Encryption","Off","Off","Off","Off","251.1","1","Off","Off","Off","Off","Off","Analog","1","0","Off","off"
"199","Kungalv 3","434.73750","432.73750","A-Analog","Mid","12.5K","Off","114.8","Regional SM0","Group Call","SM0RUX Pontus","Off","Carrier","Off","1","1","1","Off","1","2","SM6","Default","Off","Off","Off","Off","Normal Encryption","Off","Off","Off","Off","251.1","1","Off","Off","Off","Off","Off","Analog","1","0","Off","off"
"200","Lidkoping 1","434.70000","432.70000","A-Analog","Mid","12.5K","Off","118.8","Regional SM0","Group Call","SM0RUX Pontus","Off","Carrier","Off","1","1","1","Off","1","2","SM6","Default","Off","Off","Off","Off","Normal Encryption","Off","Off","Off","Off","251.1","1","Off","Off","Off","Off","Off","Analog","1","0","Off","off"
"201","Lunden","145.78750","145.18750","A-Analog","Mid","12.5K","Off","114.8","Regional SM0","Group Call","SM0RUX Pontus","Off","Carrier","Off","1","1","1","Off","1","2","SM6","Default","Off","Off","Off","Off","Normal Encryption","Off","Off","Off","Off","251.1","1","Off","Off","Off","Off","Off","Analog","1","0","Off","off"
"202","Lysekil 1","145.60000","145.00000","A-Analog","Mid","12.5K","Off","118.8","Regional SM0","Group Call","SM0RUX Pontus","Off","Carrier","Off","1","1","1","Off","1","2","SM6","Default","Off","Off","Off","Off","Normal Encryption","Off","Off","Off","Off","251.1","1","Off","Off","Off","Off","Off","Analog","1","0","Off","off"
"203","Lysekil 2","434.80000","432.80000","A-Analog","Mid","12.5K","Off","118.8","Regional SM0","Group Call","SM0RUX Pontus","Off","Carrier","Off","1","1","1","Off","1","2","SM6","Default","Off","Off","Off","Off","Normal Encryption","Off","Off","Off","Off","251.1","1","Off","Off","Off","Off","Off","Analog","1","0","Off","off"
"204","Mariestad","434.90000","432.90000","A-Analog","Mid","12.5K","Off","Off","Regional SM0","Group Call","SM0RUX Pontus","Off","Carrier","Off","1","1","1","Off","1","2","SM6","Default","Off","Off","Off","Off","Normal Encryption","Off","Off","Off","Off","251.1","1","Off","Off","Off","Off","Off","Analog","1","0","Off","off"
"205","Molndal 1","145.70000","145.10000","A-Analog","Mid","12.5K","Off","118.8","Regional SM0","Group Call","SM0RUX Pontus","Off","Carrier","Off","1","1","1","Off","1","2","SM6","Default","Off","Off","Off","Off","Normal Encryption","Off","Off","Off","Off","251.1","1","Off","Off","Off","Off","Off","Analog","1","0","Off","off"
"206","Molndal 2","434.70000","432.70000","A-Analog","Mid","12.5K","Off","118.8","Regional SM0","Group Call","SM0RUX Pontus","Off","Carrier","Off","1","1","1","Off","1","2","SM6","Default","Off","Off","Off","Off","Normal Encryption","Off","Off","Off","Off","251.1","1","Off","Off","Off","Off","Off","Analog","1","0","Off","off"
"207","Skara","434.98750","432.98750","D-Digital","Mid","12.5K","Off","Off","Regional SM0","Group Call","SM0RUX Pontus","Always","Carrier","Off","1","1","1","Off","6","2","SM6","Default","Off","Off","Off","Off","Normal Encryption","Off","Off","Off","Off","251.1","1","Off","Off","Off","Off","On","Digital","1","0","Off","off"
"208","Skene 1","145.60000","145.00000","A-Analog","Mid","12.5K","Off","Off","Regional SM0","Group Call","SM0RUX Pontus","Off","Carrier","Off","1","1","1","Off","1","2","SM6","Default","Off","Off","Off","Off","Normal Encryption","Off","Off","Off","Off","251.1","1","Off","Off","Off","Off","Off","Analog","1","0","Off","off"
"209","Skene 2","434.95000","432.95000","A-Analog","Mid","12.5K","Off","Off","Regional SM0","Group Call","SM0RUX Pontus","Off","Carrier","Off","1","1","1","Off","1","2","SM6","Default","Off","Off","Off","Off","Normal Encryption","Off","Off","Off","Off","251.1","1","Off","Off","Off","Off","Off","Analog","1","0","Off","off"
"210","Stenungsund 1","145.71250","145.11250","D+A TX D","Mid","12.5K","Off","114.8","Regional SM0","Group Call","SM0RUX Pontus","Always","Carrier","Off","1","1","1","Off","6","2","SM6","Default","Off","Off","Off","Off","Normal Encryption","Off","Off","Off","Off","251.1","1","Off","Off","Off","Off","On","Digital","1","0","Off","off"
"211","Stenungsund 2","145.68750","145.08750","A-Analog","Mid","12.5K","Off","118.8","Regional SM0","Group Call","SM0RUX Pontus","Off","Carrier","Off","1","1","1","Off","1","2","SM6","Default","Off","Off","Off","Off","Normal Encryption","Off","Off","Off","Off","251.1","1","Off","Off","Off","Off","Off","Analog","1","0","Off","off"
"212","Stromstad","434.82500","433.22500","A-Analog","Mid","12.5K","Off","Off","Regional SM0","Group Call","SM0RUX Pontus","Off","Carrier","Off","1","1","1","Off","1","2","SM6","Default","Off","Off","Off","Off","Normal Encryption","Off","Off","Off","Off","251.1","1","Off","Off","Off","Off","Off","Analog","1","0","Off","off"
"213","Tanumshede","145.67500","145.07500","D+A TX D","Mid","12.5K","Off","94.8","Regional SM0","Group Call","SM0RUX Pontus","Always","Carrier","Off","1","1","1","Off","6","2","SM6","Default","Off","Off","Off","Off","Normal Encryption","Off","Off","Off","Off","251.1","1","Off","Off","Off","Off","On","Digital","1","0","Off","off"
"214","Tidaholm","145.63750","145.03750","A-Analog","Mid","12.5K","Off","118.8","Regional SM0","Group Call","SM0RUX Pontus","Off","Carrier","Off","1","1","1","Off","1","2","SM6","Default","Off","Off","Off","Off","Normal Encryption","Off","Off","Off","Off","251.1","1","Off","Off","Off","Off","Off","Analog","1","0","Off","off"
"215","Uddevalla","145.63750","145.03750","D+A TX D","Mid","12.5K","Off","118.8","Regional SM0","Group Call","SM0RUX Pontus","Always","Carrier","Off","1","1","1","Off","6","2","SM6","Default","Off","Off","Off","Off","Normal Encryption","Off","Off","Off","Off","251.1","1","Off","Off","Off","Off","On","Digital","1","0","Off","off"
"216","Ulricehamn 1","434.67500","432.67500","A-Analog","Mid","12.5K","Off","118.8","Regional SM0","Group Call","SM0RUX Pontus","Off","Carrier","Off","1","1","1","Off","1","2","SM6","Default","Off","Off","Off","Off","Normal Encryption","Off","Off","Off","Off","251.1","1","Off","Off","Off","Off","Off","Analog","1","0","Off","off"
"217","Ulricehamn 2","434.65000","432.65000","A-Analog","Mid","12.5K","Off","114.8","Regional SM0","Group Call","SM0RUX Pontus","Off","Carrier","Off","1","1","1","Off","1","2","SM6","Default","Off","Off","Off","Off","Normal Encryption","Off","Off","Off","Off","251.1","1","Off","Off","Off","Off","Off","Analog","1","0","Off","off"
"218","Varberg 1","434.70000","433.10000","A-Analog","Mid","12.5K","Off","Off","Regional SM0","Group Call","SM0RUX Pontus","Off","Carrier","Off","1","1","1","Off","1","2","SM6","Default","Off","Off","Off","Off","Normal Encryption","Off","Off","Off","Off","251.1","1","Off","Off","Off","Off","Off","Analog","1","0","Off","off"
"219","Varberg 2","145.70000","145.10000","A-Analog","Mid","12.5K","Off","Off","Regional SM0","Group Call","SM0RUX Pontus","Off","Carrier","Off","1","1","1","Off","1","2","SM6","Default","Off","Off","Off","Off","Normal Encryption","Off","Off","Off","Off","251.1","1","Off","Off","Off","Off","Off","Analog","1","0","Off","off"
"220","Vargarda","434.57500","432.57500","D-Digital","Mid","12.5K","Off","Off","Regional SM0","Group Call","SM0RUX Pontus","Always","Carrier","Off","1","1","1","Off","6","2","SM6","Default","Off","Off","Off","Off","Normal Encryption","Off","Off","Off","Off","251.1","1","Off","Off","Off","Off","On","Digital","1","0","Off","off"
"221","Alvangen","434.75000","432.75000","A-Analog","Mid","12.5K","Off","114.8","Regional SM0","Group Call","SM0RUX Pontus","Off","Carrier","Off","1","1","1","Off","1","2","SM6","Default","Off","Off","Off","Off","Normal Encryption","Off","Off","Off","Off","251.1","1","Off","Off","Off","Off","Off","Analog","1","0","Off","off"
"222","Amal","434.60000","432.60000","A-Analog","Mid","12.5K","Off","Off","Regional SM0","Group Call","SM0RUX Pontus","Off","Carrier","Off","1","1","1","Off","1","2","SM6","Default","Off","Off","Off","Off","Normal Encryption","Off","Off","Off","Off","251.1","1","Off","Off","Off","Off","Off","Analog","1","0","Off","off"
"223","Ockero","145.75000","145.15000","A-Analog","Mid","12.5K","Off","114.8","Regional SM0","Group Call","SM0RUX Pontus","Off","Carrier","Off","1","1","1","Off","1","2","SM6","Default","Off","Off","Off","Off","Normal Encryption","Off","Off","Off","Off","251.1","1","Off","Off","Off","Off","Off","Analog","1","0","Off","off"
"224","Algutsrum 1","145.60000","145.00000","A-Analog","Mid","12.5K","Off","79.7","Regional SM0","Group Call","SM0RUX Pontus","Off","Carrier","Off","1","1","1","Off","1","2","SM7","Default","Off","Off","Off","Off","Normal Encryption","Off","Off","Off","Off","251.1","1","Off","Off","Off","Off","Off","Analog","1","0","Off","off"
"225","Algutsrum 2","434.60000","432.60000","A-Analog","Mid","12.5K","Off","79.7","Regional SM0","Group Call","SM0RUX Pontus","Off","Carrier","Off","1","1","1","Off","1","2","SM7","Default","Off","Off","Off","Off","Normal Encryption","Off","Off","Off","Off","251.1","1","Off","Off","Off","Off","Off","Analog","1","0","Off","off"
"226","Aneby 1","145.77500","145.17500","A-Analog","Mid","12.5K","Off","Off","Regional SM0","Group Call","SM0RUX Pontus","Off","Carrier","Off","1","1","1","Off","1","2","SM7","Default","Off","Off","Off","Off","Normal Encryption","Off","Off","Off","Off","251.1","1","Off","Off","Off","Off","Off","Analog","1","0","Off","off"
"227","Aneby 2","434.72500","432.72500","A-Analog","Mid","12.5K","Off","156.7","Regional SM0","Group Call","SM0RUX Pontus","Off","Carrier","Off","1","1","1","Off","1","2","SM7","Default","Off","Off","Off","Off","Normal Encryption","Off","Off","Off","Off","251.1","1","Off","Off","Off","Off","Off","Analog","1","0","Off","off"
"228","Bjarnum","434.95000","432.95000","D+A TX D","Mid","12.5K","Off","79.7","Regional SM0","Group Call","SM0RUX Pontus","Always","Carrier","Off","1","1","1","Off","7","2","SM7","Default","Off","Off","Off","Off","Normal Encryption","Off","Off","Off","Off","251.1","1","Off","Off","Off","Off","On","Digital","1","0","Off","off"
"229","Blentarp","434.61250","432.61250","D-Digital","Mid","12.5K","Off","Off","Regional SM0","Group Call","SM0RUX Pontus","Always","Carrier","Off","1","1","1","Off","7","2","SM7","Default","Off","Off","Off","Off","Normal Encryption","Off","Off","Off","Off","251.1","1","Off","Off","Off","Off","On","Digital","1","0","Off","off"
"230","Borgholm","145.66250","145.06250","A-Analog","Mid","12.5K","Off","Off","Regional SM0","Group Call","SM0RUX Pontus","Off","Carrier","Off","1","1","1","Off","1","2","SM7","Default","Off","Off","Off","Off","Normal Encryption","Off","Off","Off","Off","251.1","1","Off","Off","Off","Off","Off","Analog","1","0","Off","off"
"231","Bruzaholm","434.60000","432.60000","D-Digital","Mid","12.5K","Off","Off","Regional SM0","Group Call","SM0RUX Pontus","Always","Carrier","Off","1","1","1","Off","7","2","SM7","Default","Off","Off","Off","Off","Normal Encryption","Off","Off","Off","Off","251.1","1","Off","Off","Off","Off","On","Digital","1","0","Off","off"
"232","Boda","145.75000","145.15000","A-Analog","Mid","12.5K","Off","Off","Regional SM0","Group Call","SM0RUX Pontus","Off","Carrier","Off","1","1","1","Off","1","2","SM7","Default","Off","Off","Off","Off","Normal Encryption","Off","Off","Off","Off","251.1","1","Off","Off","Off","Off","Off","Analog","1","0","Off","off"
"233","Eksjo","434.56250","432.56250","D-Digital","Mid","12.5K","Off","Off","Regional SM0","Group Call","SM0RUX Pontus","Always","Carrier","Off","1","1","1","Off","7","2","SM7","Default","Off","Off","Off","Off","Normal Encryption","Off","Off","Off","Off","251.1","1","Off","Off","Off","Off","On","Digital","1","0","Off","off"
"234","Emmaboda","145.77500","145.17500","A-Analog","Mid","12.5K","Off","Off","Regional SM0","Group Call","SM0RUX Pontus","Off","Carrier","Off","1","1","1","Off","1","2","SM7","Default","Off","Off","Off","Off","Normal Encryption","Off","Off","Off","Off","251.1","1","Off","Off","Off","Off","Off","Analog","1","0","Off","off"
"235","Eslov 1","434.81250","432.81250","A-Analog","Mid","12.5K","Off","88.5","Regional SM0","Group Call","SM0RUX Pontus","Off","Carrier","Off","1","1","1","Off","1","2","SM7","Default","Off","Off","Off","Off","Normal Encryption","Off","Off","Off","Off","251.1","1","Off","Off","Off","Off","Off","Analog","1","0","Off","off"
"236","Eslov 2","434.75000","432.75000","A-Analog","Mid","12.5K","Off","79.7","Regional SM0","Group Call","SM0RUX Pontus","Off","Carrier","Off","1","1","1","Off","1","2","SM7","Default","Off","Off","Off","Off","Normal Encryption","Off","Off","Off","Off","251.1","1","Off","Off","Off","Off","Off","Analog","1","0","Off","off"
"237","Gladsax","434.88750","432.88750","A-Analog","Mid","12.5K","Off","79.7","Regional SM0","Group Call","SM0RUX Pontus","Off","Carrier","Off","1","1","1","Off","1","2","SM7","Default","Off","Off","Off","Off","Normal Encryption","Off","Off","Off","Off","251.1","1","Off","Off","Off","Off","Off","Analog","1","0","Off","off"
"238","Gnosjo","145.68750","145.08750","A-Analog","Mid","12.5K","Off","Off","Regional SM0","Group Call","SM0RUX Pontus","Off","Carrier","Off","1","1","1","Off","1","2","SM7","Default","Off","Off","Off","Off","Normal Encryption","Off","Off","Off","Off","251.1","1","Off","Off","Off","Off","Off","Analog","1","0","Off","off"
"239","Helsingborg 1","434.60000","432.60000","D-Digital","Mid","12.5K","Off","Off","Regional SM0","Group Call","SM0RUX Pontus","Always","Carrier","Off","1","1","1","Off","7","2","SM7","Default","Off","Off","Off","Off","Normal Encryption","Off","Off","Off","Off","251.1","1","Off","Off","Off","Off","On","Digital","1","0","Off","off"
"240","Helsingborg 2","145.65000","145.05000","A-Analog","Mid","12.5K","Off","79.7","Regional SM0","Group Call","SM0RUX Pontus","Off","Carrier","Off","1","1","1","Off","1","2","SM7","Default","Off","Off","Off","Off","Normal Encryption","Off","Off","Off","Off","251.1","1","Off","Off","Off","Off","Off","Analog","1","0","Off","off"
"241","Helsingborg 3","434.65000","432.65000","D+A TX D","Mid","12.5K","Off","79.7","Regional SM0","Group Call","SM0RUX Pontus","Always","Carrier","Off","1","1","1","Off","7","2","SM7","Default","Off","Off","Off","Off","Normal Encryption","Off","Off","Off","Off","251.1","1","Off","Off","Off","Off","On","Digital","1","0","Off","off"
"242","Hultsfred","145.76250","145.06250","A-Analog","Mid","12.5K","Off","Off","Regional SM0","Group Call","SM0RUX Pontus","Off","Carrier","Off","1","1","1","Off","1","2","SM7","Default","Off","Off","Off","Off","Normal Encryption","Off","Off","Off","Off","251.1","1","Off","Off","Off","Off","Off","Analog","1","0","Off","off"
"243","Huskvarna","434.75000","432.75000","A-Analog","Mid","12.5K","Off","Off","Regional SM0","Group Call","SM0RUX Pontus","Off","Carrier","Off","1","1","1","Off","1","2","SM7","Default","Off","Off","Off","Off","Normal Encryption","Off","Off","Off","Off","251.1","1","Off","Off","Off","Off","Off","Analog","1","0","Off","off"
"244","Hassleholm 1","434.91250","432.91250","D-Digital","Mid","12.5K","Off","Off","Regional SM0","Group Call","SM0RUX Pontus","Always","Carrier","Off","1","1","1","Off","7","2","SM7","Default","Off","Off","Off","Off","Normal Encryption","Off","Off","Off","Off","251.1","1","Off","Off","Off","Off","On","Digital","1","0","Off","off"
"245","Hassleholm 2","145.76250","145.16250","A-Analog","Mid","12.5K","Off","79.7","Regional SM0","Group Call","SM0RUX Pontus","Off","Carrier","Off","1","1","1","Off","1","2","SM7","Default","Off","Off","Off","Off","Normal Encryption","Off","Off","Off","Off","251.1","1","Off","Off","Off","Off","Off","Analog","1","0","Off","off"
"246","Jonkoping 1","434.97500","432.97500","D-Digital","Mid","12.5K","Off","Off","Regional SM0","Group Call","SM0RUX Pontus","Always","Carrier","Off","1","1","1","Off","7","2","SM7","Default","Off","Off","Off","Off","Normal Encryption","Off","Off","Off","Off","251.1","1","Off","Off","Off","Off","On","Digital","1","0","Off","off"
"247","Jonkoping 2","145.75000","145.15000","A-Analog","Mid","12.5K","Off","156.7","Regional SM0","Group Call","SM0RUX Pontus","Off","Carrier","Off","1","1","1","Off","1","2","SM7","Default","Off","Off","Off","Off","Normal Encryption","Off","Off","Off","Off","251.1","1","Off","Off","Off","Off","Off","Analog","1","0","Off","off"
"248","Karlskrona 1","145.75000","145.15000","A-Analog","Mid","12.5K","Off","Off","Regional SM0","Group Call","SM0RUX Pontus","Off","Carrier","Off","1","1","1","Off","1","2","SM7","Default","Off","Off","Off","Off","Normal Encryption","Off","Off","Off","Off","251.1","1","Off","Off","Off","Off","Off","Analog","1","0","Off","off"
"249","Karlskrona 2","434.75000","432.75000","A-Analog","Mid","12.5K","Off","Off","Regional SM0","Group Call","SM0RUX Pontus","Off","Carrier","Off","1","1","1","Off","1","2","SM7","Default","Off","Off","Off","Off","Normal Encryption","Off","Off","Off","Off","251.1","1","Off","Off","Off","Off","Off","Analog","1","0","Off","off"
"250","Kristianstad","434.52500","432.52500","D-Digital","Mid","12.5K","Off","Off","Regional SM0","Group Call","SM0RUX Pontus","Always","Carrier","Off","1","1","1","Off","7","2","SM7","Default","Off","Off","Off","Off","Normal Encryption","Off","Off","Off","Off","251.1","1","Off","Off","Off","Off","On","Digital","1","0","Off","off"
"251","Ljungby","145.72500","145.12500","A-Analog","Mid","12.5K","Off","Off","Regional SM0","Group Call","SM0RUX Pontus","Off","Carrier","Off","1","1","1","Off","1","2","SM7","Default","Off","Off","Off","Off","Normal Encryption","Off","Off","Off","Off","251.1","1","Off","Off","Off","Off","Off","Analog","1","0","Off","off"
"252","Lund 1","434.72500","432.72500","A-Analog","Mid","12.5K","Off","79.7","Regional SM0","Group Call","SM0RUX Pontus","Off","Carrier","Off","1","1","1","Off","1","2","SM7","Default","Off","Off","Off","Off","Normal Encryption","Off","Off","Off","Off","251.1","1","Off","Off","Off","Off","Off","Analog","1","0","Off","off"
"253","Lund 2","434.58750","432.58750","D-Digital","Mid","12.5K","Off","Off","Regional SM0","Group Call","SM0RUX Pontus","Always","Carrier","Off","1","1","1","Off","7","2","SM7","Default","Off","Off","Off","Off","Normal Encryption","Off","Off","Off","Off","251.1","1","Off","Off","Off","Off","On","Digital","1","0","Off","off"
"254","Lund 3","145.77500","145.17500","A-Analog","Mid","12.5K","Off","79.7","Regional SM0","Group Call","SM0RUX Pontus","Off","Carrier","Off","1","1","1","Off","1","2","SM7","Default","Off","Off","Off","Off","Normal Encryption","Off","Off","Off","Off","251.1","1","Off","Off","Off","Off","Off","Analog","1","0","Off","off"
"255","Lyby","434.70000","432.70000","A-Analog","Mid","12.5K","Off","79.7","Regional SM0","Group Call","SM0RUX Pontus","Off","Carrier","Off","1","1","1","Off","1","2","SM7","Default","Off","Off","Off","Off","Normal Encryption","Off","Off","Off","Off","251.1","1","Off","Off","Off","Off","Off","Analog","1","0","Off","off"
"256","Lonnsboda","434.90000","433.30000","A-Analog","Mid","12.5K","Off","Off","Regional SM0","Group Call","SM0RUX Pontus","Off","Carrier","Off","1","1","1","Off","1","2","SM7","Default","Off","Off","Off","Off","Normal Encryption","Off","Off","Off","Off","251.1","1","Off","Off","Off","Off","Off","Analog","1","0","Off","off"
"257","Malmo 1","434.95000","432.95000","D-Digital","Mid","12.5K","Off","Off","Regional SM0","Group Call","SM0RUX Pontus","Always","Carrier","Off","1","1","1","Off","7","2","SM7","Default","Off","Off","Off","Off","Normal Encryption","Off","Off","Off","Off","251.1","1","Off","Off","Off","Off","On","Digital","1","0","Off","off"
"258","Malmo 2","434.77500","432.77500","D+A TX D","Mid","12.5K","Off","79.7","Regional SM0","Group Call","SM0RUX Pontus","Always","Carrier","Off","1","1","1","Off","7","2","SM7","Default","Off","Off","Off","Off","Normal Encryption","Off","Off","Off","Off","251.1","1","Off","Off","Off","Off","On","Digital","1","0","Off","off"
"259","Morbylanga","145.62500","145.02500","A-Analog","Mid","12.5K","Off","Off","Regional SM0","Group Call","SM0RUX Pontus","Off","Carrier","Off","1","1","1","Off","1","2","SM7","Default","Off","Off","Off","Off","Normal Encryption","Off","Off","Off","Off","251.1","1","Off","Off","Off","Off","Off","Analog","1","0","Off","off"
"260","Morrum","434.82500","432.82500","A-Analog","Mid","12.5K","Off","79.7","Regional SM0","Group Call","SM0RUX Pontus","Off","Carrier","Off","1","1","1","Off","1","2","SM7","Default","Off","Off","Off","Off","Normal Encryption","Off","Off","Off","Off","251.1","1","Off","Off","Off","Off","Off","Analog","1","0","Off","off"
"261","Nybro","145.68750","145.08750","A-Analog","Mid","12.5K","Off","Off","Regional SM0","Group Call","SM0RUX Pontus","Off","Carrier","Off","1","1","1","Off","1","2","SM7","Default","Off","Off","Off","Off","Normal Encryption","Off","Off","Off","Off","251.1","1","Off","Off","Off","Off","Off","Analog","1","0","Off","off"
"262","Nassjo 1","434.85000","432.85000","A-Analog","Mid","12.5K","Off","Off","Regional SM0","Group Call","SM0RUX Pontus","Off","Carrier","Off","1","1","1","Off","1","2","SM7","Default","Off","Off","Off","Off","Normal Encryption","Off","Off","Off","Off","251.1","1","Off","Off","Off","Off","Off","Analog","1","0","Off","off"
"263","Nassjo 2","145.65000","145.05000","A-Analog","Mid","12.5K","Off","156.7","Regional SM0","Group Call","SM0RUX Pontus","Off","Carrier","Off","1","1","1","Off","1","2","SM7","Default","Off","Off","Off","Off","Normal Encryption","Off","Off","Off","Off","251.1","1","Off","Off","Off","Off","Off","Analog","1","0","Off","off"
"264","Nassjo 3","434.90000","432.90000","D-Digital","Mid","12.5K","Off","Off","Regional SM0","Group Call","SM0RUX Pontus","Always","Carrier","Off","1","1","1","Off","7","2","SM7","Default","Off","Off","Off","Off","Normal Encryption","Off","Off","Off","Off","251.1","1","Off","Off","Off","Off","On","Digital","1","0","Off","off"
"265","Nassjo 4","145.58750","144.98750","D-Digital","Mid","12.5K","Off","Off","Regional SM0","Group Call","SM0RUX Pontus","Always","Carrier","Off","1","1","1","Off","7","2","SM7","Default","Off","Off","Off","Off","Normal Encryption","Off","Off","Off","Off","251.1","1","Off","Off","Off","Off","On","Digital","1","0","Off","off"
"266","Oskarshamn 1","145.72500","145.12500","A-Analog","Mid","12.5K","Off","Off","Regional SM0","Group Call","SM0RUX Pontus","Off","Carrier","Off","1","1","1","Off","1","2","SM7","Default","Off","Off","Off","Off","Normal Encryption","Off","Off","Off","Off","251.1","1","Off","Off","Off","Off","Off","Analog","1","0","Off","off"
"267","Oskarshamn 2","434.72500","432.72500","A-Analog","Mid","12.5K","Off","Off","Regional SM0","Group Call","SM0RUX Pontus","Off","Carrier","Off","1","1","1","Off","1","2","SM7","Default","Off","Off","Off","Off","Normal Encryption","Off","Off","Off","Off","251.1","1","Off","Off","Off","Off","Off","Analog","1","0","Off","off"
"268","Simrishamn","434.63750","440.00000","A-Analog","Mid","12.5K","Off","79.7","Regional SM0","Group Call","SM0RUX Pontus","Off","Carrier","Off","1","1","1","Off","1","2","SM7","Default","Off","Off","Off","Off","Normal Encryption","Off","Off","Off","Off","251.1","1","Off","Off","Off","Off","Off","Analog","1","0","Off","off"
"269","Svangsta","434.92500","432.92500","A-Analog","Mid","12.5K","Off","79.7","Regional SM0","Group Call","SM0RUX Pontus","Off","Carrier","Off","1","1","1","Off","1","2","SM7","Default","Off","Off","Off","Off","Normal Encryption","Off","Off","Off","Off","251.1","1","Off","Off","Off","Off","Off","Analog","1","0","Off","off"
"270","Vetlanda 1","434.62500","432.62500","A-Analog","Mid","12.5K","Off","156.7","Regional SM0","Group Call","SM0RUX Pontus","Off","Carrier","Off","1","1","1","Off","1","2","SM7","Default","Off","Off","Off","Off","Normal Encryption","Off","Off","Off","Off","251.1","1","Off","Off","Off","Off","Off","Analog","1","0","Off","off"
"271","Vetlanda 2","145.62500","145.02500","A-Analog","Mid","12.5K","Off","156.7","Regional SM0","Group Call","SM0RUX Pontus","Off","Carrier","Off","1","1","1","Off","1","2","SM7","Default","Off","Off","Off","Off","Normal Encryption","Off","Off","Off","Off","251.1","1","Off","Off","Off","Off","Off","Analog","1","0","Off","off"
"272","Vitaby","145.61250","145.01250","A-Analog","Mid","12.5K","Off","79.7","Regional SM0","Group Call","SM0RUX Pontus","Off","Carrier","Off","1","1","1","Off","1","2","SM7","Default","Off","Off","Off","Off","Normal Encryption","Off","Off","Off","Off","251.1","1","Off","Off","Off","Off","Off","Analog","1","0","Off","off"
"273","Varnamo","145.60000","145.00000","A-Analog","Mid","12.5K","Off","156.7","Regional SM0","Group Call","SM0RUX Pontus","Off","Carrier","Off","1","1","1","Off","1","2","SM7","Default","Off","Off","Off","Off","Normal Encryption","Off","Off","Off","Off","251.1","1","Off","Off","Off","Off","Off","Analog","1","0","Off","off"
"274","Vaxjo","145.67500","145.07500","A-Analog","Mid","12.5K","Off","156.7","Regional SM0","Group Call","SM0RUX Pontus","Off","Carrier","Off","1","1","1","Off","1","2","SM7","Default","Off","Off","Off","Off","Normal Encryption","Off","Off","Off","Off","251.1","1","Off","Off","Off","Off","Off","Analog","1","0","Off","off"
"275","Ystad","434.92500","432.92500","A-Analog","Mid","12.5K","Off","79.7","Regional SM0","Group Call","SM0RUX Pontus","Off","Carrier","Off","1","1","1","Off","1","2","SM7","Default","Off","Off","Off","Off","Normal Encryption","Off","Off","Off","Off","251.1","1","Off","Off","Off","Off","Off","Analog","1","0","Off","off"
"276","Orkelljunga","434.97500","432.97500","D+A TX D","Mid","12.5K","Off","79.7","Regional SM0","Group Call","SM0RUX Pontus","Always","Carrier","Off","1","1","1","Off","7","2","SM7","Default","Off","Off","Off","Off","Normal Encryption","Off","Off","Off","Off","251.1","1","Off","Off","Off","Off","On","Digital","1","0","Off","off"
"4001","Channel VFO A","145.50000","145.50000","A-Analog","Low","25K","Off","Off","Local","Group Call","SM0RUX Pontus","Off","Carrier","Off","1","1","1","Off","1","1","Hagsatra","Default","Off","Off","Off","Off","Normal Encryption","Off","Off","Off","Off","131.8","1","Off","Off","Off","Off","Off","Off","1","0","Off","off"
"4002","Channel VFO B","433.50000","433.50000","A-Analog","Low","25K","Off","Off","Local","Group Call","SM0RUX Pontus","Off","Carrier","Off","1","1","1","Off","1","1","Hagsatra","Default","Off","Off","Off","Off","Normal Encryption","Off","Off","Off","Off","131.8","1","Off","Off","Off","Off","Off","Off","1","0","Off","off"
